,log_lyp,lyp,dim,treatment,animal
0,0.6889543868553089,1.9916319675664096,3,LES,1010
1,-1.1291686230646907,0.32330193049021655,5,LES,1010
2,-1.6499384889400206,0.19206172217753079,7,LES,1010
3,-2.831592242283041,0.05891896567464571,9,LES,1010
4,-3.731921895196765,0.023946768403327167,11,LES,1010
5,-3.886622908062324,0.020514508569587617,13,LES,1010
6,-3.949578464832427,0.019262820020269023,15,LES,1010
7,-3.969492811135934,0.018883007958180882,17,LES,1010
8,-4.056688740676232,0.017306229758081375,19,LES,1010
9,-4.056417022546521,0.017310932813387338,21,LES,1010
10,-4.073095109069113,0.017024613841243014,23,LES,1010
11,-4.126984251855488,0.01613145394290573,25,LES,1010
12,-4.12108791743323,0.01622685136122296,27,LES,1010
13,-4.04916406941131,0.017436944624281834,29,LES,1010
14,-4.08411424093045,0.01683804716559764,31,LES,1010
15,1.0153648840883038,2.7603704288875464,3,LES,0910
16,-1.572559579799728,0.20751335502842558,5,LES,0910
17,-1.5694605303735523,0.2081574466927078,7,LES,0910
18,-3.147049479130067,0.04297874967143556,9,LES,0910
19,-4.368687849156852,0.012667851799821049,11,LES,0910
20,-4.56206911485528,0.010440434121685169,13,LES,0910
21,-4.361002848267717,0.012765579289111697,15,LES,0910
22,-4.7981211355120985,0.008245224163642343,17,LES,0910
23,-4.794261127199186,0.008277112302102064,19,LES,0910
24,-4.779642855330874,0.008398998089293007,21,LES,0910
25,-4.772078680578242,0.008462770467222625,23,LES,0910
26,-4.58429042561426,0.010210992676617027,25,LES,0910
27,-4.7892410341283105,0.008318768648100732,27,LES,0910
28,-4.789929353797554,0.008313044646213897,29,LES,0910
29,-4.688533963310436,0.009200164052336349,31,LES,0910
30,1.1376548593463565,3.1194442449811493,3,SKF,1830
31,-1.760781604158061,0.17191044537996347,5,SKF,1830
32,-1.9887033022315344,0.13687279306990738,7,SKF,1830
33,-2.6499051153062996,0.0706579170971906,9,SKF,1830
34,-4.231935990918112,0.014524244506509418,11,SKF,1830
35,-4.234260806471826,0.014490517536657324,13,SKF,1830
36,-4.23045560825209,0.01454576186934974,15,SKF,1830
37,-4.258626651121275,0.014141710582389295,17,SKF,1830
38,-4.261799638521979,0.014096910225957156,19,SKF,1830
39,-4.254165441432775,0.014204940655088765,21,SKF,1830
40,-4.24846989811604,0.014286076346492552,23,SKF,1830
41,-4.249301884710235,0.0142741954655408,25,SKF,1830
42,-4.259485406540373,0.014129571524778112,27,SKF,1830
43,-4.252046092703038,0.014235077802304024,29,SKF,1830
44,-4.2537204890381926,0.014211262583822522,31,SKF,1830
45,0.8729734807844476,2.394018849589114,3,SHM,2010
46,-1.1051042791451438,0.3311763456550727,5,SHM,2010
47,-1.8253606159574451,0.16115951695610498,7,SHM,2010
48,-2.89299988388387,0.055409740250664086,9,SHM,2010
49,-4.189102987431259,0.01515987737635959,11,SHM,2010
50,-4.107493787763103,0.01644894746410004,13,SHM,2010
51,-4.25363402678157,0.01421249137477623,15,SHM,2010
52,-4.242223402099666,0.01437559355886545,17,SHM,2010
53,-4.208234689554633,0.014872599933832633,19,SHM,2010
54,-4.200466178121825,0.014988587839821356,21,SHM,2010
55,-4.208762312999646,0.014864754871220718,23,SHM,2010
56,-4.272906601146281,0.013941202690577307,25,SHM,2010
57,-4.231779949256421,0.014526511070591629,27,SHM,2010
58,-4.234094026169286,0.01449293447109898,29,SHM,2010
59,-4.226919512146473,0.014597288128461014,31,SHM,2010
60,1.8846514538233354,6.58405919337945,3,D1A,2630
61,-0.4630532637385418,0.6293591095963306,5,D1A,2630
62,-1.4834530646157673,0.22685299631275163,7,D1A,2630
63,-2.4432616430851497,0.08687702699219203,9,D1A,2630
64,-2.751564169465069,0.0638279453612695,11,D1A,2630
65,-2.8321795566179273,0.05888437188121811,13,D1A,2630
66,-2.8879036325936593,0.05569284297950719,15,D1A,2630
67,-2.795846628636083,0.061063154626669135,17,D1A,2630
68,-2.8412811518585124,0.05835086174198158,19,D1A,2630
69,-2.8460828463689656,0.05807135033072011,21,D1A,2630
70,-2.8448098444878207,0.05814532234219711,23,D1A,2630
71,-2.89949489580787,0.05505101953574796,25,D1A,2630
72,-2.888966877501293,0.05563365931675716,27,D1A,2630
73,-2.9294247002332816,0.05342776628688433,29,D1A,2630
74,-2.9417425376553115,0.05277368843048899,31,D1A,2630
75,1.0380452568627256,2.8236920235370935,3,LES,S073
76,-1.60585540458946,0.20071778653918756,5,LES,S073
77,-1.9722449149545613,0.13914413857660132,7,LES,S073
78,-2.75955237922056,0.06332010541197959,9,LES,S073
79,-3.6976339529671867,0.02478209275475491,11,LES,S073
80,-3.8211369941621363,0.02190288328093117,13,LES,S073
81,-4.003132311802034,0.018258358353962157,15,LES,S073
82,-3.973616709939813,0.018805296691082513,17,LES,S073
83,-3.99485087885047,0.018410191554960334,19,LES,S073
84,-4.004860950769483,0.018226823508264094,21,LES,S073
85,-3.9910347824042014,0.018480580842262062,23,LES,S073
86,-4.020961155302911,0.01793571764204178,25,LES,S073
87,-3.986040196084582,0.018573114590049514,27,LES,S073
88,-4.044311625662107,0.017521762036663075,29,LES,S073
89,-4.0176984343476345,0.017994332453729667,31,LES,S073
90,0.883570603178227,2.4195234594090844,3,LES,0710
91,-0.6984844473559966,0.4973384755531079,5,LES,0710
92,-1.6695579358810801,0.18833030130835357,7,LES,0710
93,-2.533703086886442,0.07936458151513213,9,LES,0710
94,-3.146196688306566,0.04301541718739925,11,LES,0710
95,-3.341508033255581,0.03538355788536228,13,LES,0710
96,-3.4016767551148264,0.03331735804761417,15,LES,0710
97,-3.413763974525523,0.032917067901668685,17,LES,0710
98,-3.4478196502224545,0.03181492848234419,19,LES,0710
99,-3.3851664981760474,0.03387200224956086,21,LES,0710
100,-3.3787291695996804,0.034090750780268145,23,LES,0710
101,-3.3872960804446395,0.0337999457864836,25,LES,0710
102,-3.4083285824981098,0.03309647219475392,27,LES,0710
103,-3.459432873941751,0.03144759171077659,29,LES,0710
104,-3.4909422651421074,0.030472145798621876,31,LES,0710
105,1.0696822060477966,2.9144531572043877,3,SHM,4101
106,-0.4815409852532944,0.6178305900396662,5,SHM,4101
107,-1.0605798165299782,0.34625498775007296,7,SHM,4101
108,-1.8863253394924249,0.15162796766773295,9,SHM,4101
109,-2.8180861897703884,0.0597201263999479,11,SHM,4101
110,-2.9736752148069,0.051115105704204654,13,SHM,4101
111,-3.0694702495392168,0.04644575300047062,15,SHM,4101
112,-3.028494774635315,0.048388418812011745,17,SHM,4101
113,-3.0398959169655253,0.04783986855376401,19,SHM,4101
114,-3.0527502759515897,0.047228853228079064,21,SHM,4101
115,-3.0760356399429045,0.04614181731937636,23,SHM,4101
116,-3.077952422555303,0.04605345819590289,25,SHM,4101
117,-3.0622865965105635,0.046780604463046216,27,SHM,4101
118,-3.0561671995140336,0.04706775123999006,29,SHM,4101
119,-3.051935347582246,0.04726735704722259,31,SHM,4101
120,0.8983772025241308,2.4556149103328737,3,LES,S070
121,-1.6040231850816087,0.20108588269676198,5,LES,S070
122,-1.9427834786948908,0.1433045090703717,7,LES,S070
123,-2.8643290528091363,0.05702137663271457,9,LES,S070
124,-3.7532468200815483,0.02344151179260565,11,LES,S070
125,-3.7042912785014463,0.024617658250190022,13,LES,S070
126,-3.7661239704154785,0.023141587153006352,15,LES,S070
127,-3.726449223686282,0.024078180460061813,17,LES,S070
128,-3.8889010023518193,0.020467827776575753,19,LES,S070
129,-3.856182173436001,0.021148587228325966,21,LES,S070
130,-3.867611834541061,0.020908242191110822,23,LES,S070
131,-3.8451455367784013,0.021383289279653488,25,LES,S070
132,-3.8729953972273607,0.02079598380477416,27,LES,S070
133,-3.8695476254470456,0.02086780735533757,29,LES,S070
134,-3.8983835946131498,0.020274657038451997,31,LES,S070
135,0.8552533940396421,2.3519702803234406,3,LES,S072
136,-0.9894190730012383,0.37179261266525465,5,LES,S072
137,-1.6873907669677024,0.18500160709016067,7,LES,S072
138,-2.5187458179250317,0.08056058105292155,9,LES,S072
139,-3.4784763285407667,0.03085438718469732,11,LES,S072
140,-3.5350934180236138,0.029156033163177428,13,LES,S072
141,-3.6314066996320222,0.026478910324910173,15,LES,S072
142,-3.789796907784839,0.022600191307980414,17,LES,S072
143,-3.7821511835719135,0.022773648395424922,19,LES,S072
144,-3.810342051494394,0.022140604434839124,21,LES,S072
145,-3.7889204264060994,0.022620008638309638,23,LES,S072
146,-3.810671313854537,0.022133315567208642,25,LES,S072
147,-3.821248808548354,0.02190043436039554,27,LES,S072
148,-3.844227929962635,0.02140291973678322,29,LES,S072
149,-3.8366519418959366,0.0215656837720017,31,LES,S072
150,1.1946234536600402,3.3023140620859643,3,LES,S074
151,-1.5516185086485714,0.21190472649478043,5,LES,S074
152,-1.7381114512800258,0.1758521926490056,7,LES,S074
153,-2.64568450186915,0.0709567670730117,9,LES,S074
154,-3.4126066416962746,0.032955185958378416,11,LES,S074
155,-3.4598246091599916,0.03143527499417797,13,LES,S074
156,-3.5324679653809885,0.029232681521783883,15,LES,S074
157,-3.5407380100336265,0.028991922854940243,17,LES,S074
158,-3.544199821663014,0.028891731800579894,19,LES,S074
159,-3.5679025835291793,0.028214970205874504,21,LES,S074
160,-3.5442379855828845,0.028890629199882452,23,LES,S074
161,-3.540082139289547,0.029010944045994917,25,LES,S074
162,-3.5509768715142256,0.028696593073188212,27,LES,S074
163,-3.5640633547403375,0.02832350213791376,29,LES,S074
164,-3.58462586428593,0.02774704684962748,31,LES,S074
165,2.0078135091004485,7.44701669896256,3,D2K,4313
166,0.27111458438505365,1.3114253306407393,5,D2K,4313
167,-0.5647828137258507,0.5684836001858995,7,D2K,4313
168,-0.7378753533603059,0.4781286916369945,9,D2K,4313
169,-0.9983662292794584,0.3684809630717528,11,D2K,4313
170,-1.1112633213452159,0.3291428850793365,13,D2K,4313
171,-1.212898678832606,0.2973341528557851,15,D2K,4313
172,-1.303420626672029,0.27160115610196456,17,D2K,4313
173,-1.3553626380212407,0.2578537699141828,19,D2K,4313
174,-1.366823314404338,0.25491546096846524,21,D2K,4313
175,-1.3964066629010083,0.24748466390807744,23,D2K,4313
176,-1.3814553467013952,0.25121268533918606,25,D2K,4313
177,-1.4000269126959561,0.24659032744179565,27,D2K,4313
178,-1.4058390118243032,0.24516127692906614,29,D2K,4313
179,-1.419113070964168,0.241928495176437,31,D2K,4313
180,1.2853967430320565,3.6161023360637636,3,SHM,3301
181,-0.28082234659566563,0.755162480749704,5,SHM,3301
182,-0.8701723408663047,0.41887935299606294,7,SHM,3301
183,-1.9818921683830277,0.137808234074293,9,SHM,3301
184,-2.8614855716351073,0.05718374658223231,11,SHM,3301
185,-3.0148774480284115,0.04905184651917827,13,SHM,3301
186,-3.056332461069086,0.04705997339293459,15,SHM,3301
187,-3.078940830111507,0.04600796109837427,17,SHM,3301
188,-3.0555000581941534,0.04709916255840529,19,SHM,3301
189,-3.010733022313465,0.04925556009957205,21,SHM,3301
190,-3.0905017994287074,0.045479127277694875,23,SHM,3301
191,-3.008839497868978,0.04934891506370761,25,SHM,3301
192,-3.071257707448406,0.04636280732495787,27,SHM,3301
193,-3.025910509441941,0.04851362903703928,29,SHM,3301
194,-3.068612878947194,0.04648559129886994,31,SHM,3301
195,1.5110131232961606,4.531319254682992,3,D2A,2630
196,-1.4296976278740174,0.23938129353231874,5,D2A,2630
197,-3.2152511195333435,0.04014525130094516,7,D2A,2630
198,-3.2226909987870833,0.039847683784425075,9,D2A,2630
199,-3.3561046629874234,0.03487082835739937,11,D2A,2630
200,-3.410893538167265,0.03301168998855098,13,D2A,2630
201,-3.4213686398899275,0.03266769401975299,15,D2A,2630
202,-3.412378791755316,0.03296269565106236,17,D2A,2630
203,-3.405135737917031,0.033202312963301936,19,D2A,2630
204,-3.42272031922666,0.032623567601869796,21,D2A,2630
205,-3.421768572813239,0.03265463174557667,23,D2A,2630
206,-3.422235105460148,0.03263940084692656,25,D2A,2630
207,-3.4072379705022318,0.03313258729455159,27,D2A,2630
208,-3.436536732621126,0.03217592642421321,29,D2A,2630
209,-3.4108623146161086,0.033012720746834,31,D2A,2630
210,0.4386820229942105,1.5506621340837767,3,LES,0801
211,-1.6583316224045648,0.19045646848755218,5,LES,0801
212,-2.017206009287459,0.13302662147984115,7,LES,0801
213,-3.1251647560398768,0.043929695344510744,9,LES,0801
214,-3.981714908088253,0.018653622644388024,11,LES,0801
215,-3.9956973947980643,0.018394613628622585,13,LES,0801
216,-4.002821882476846,0.01826402716366187,15,LES,0801
217,-4.020409888643984,0.017945607730969437,17,LES,0801
218,-4.008715114040904,0.018156709556645154,19,LES,0801
219,-3.985765763017428,0.018578212366320252,21,LES,0801
220,-3.99157213876313,0.01847065285230294,23,LES,0801
221,-3.980754708754116,0.018671542442342624,25,LES,0801
222,-3.9875701502684007,0.01854472030219436,27,LES,0801
223,-3.9887729118124335,0.01852242883411762,29,LES,0801
224,-3.9937078025420107,0.018431247840939115,31,LES,0801
225,0.8698747905814005,2.3866120085135534,3,LES,S066
226,-1.2118500157332002,0.2976461197555771,5,LES,S066
227,-1.8727978884593037,0.15369304369208464,7,LES,S066
228,-2.9266740960927096,0.05357492722000777,9,LES,S066
229,-3.6567174096909354,0.025817120814134058,11,LES,S066
230,-3.6570233283469014,0.025809224083173942,13,LES,S066
231,-3.656162148626493,0.025831460036755745,15,LES,S066
232,-3.6774452300744773,0.02528749611618916,17,LES,S066
233,-3.6641543235809824,0.025625833285826967,19,LES,S066
234,-3.665693022309651,0.02558643316895748,21,LES,S066
235,-3.6719243827050363,0.02542749061113858,23,LES,S066
236,-3.6735298651419597,0.025386699974634348,25,LES,S066
237,-3.6664141796012073,0.025567987977854204,27,LES,S066
238,-3.6488320346696335,0.026021503250778222,29,LES,S066
239,-3.66427302465197,0.02562279165249714,31,LES,S066
240,2.014472198411006,7.496769529944521,3,D1A,2730
241,-0.4013630372087414,0.669406997272207,5,D1A,2730
242,-1.9770460460898984,0.13847769045318228,7,D1A,2730
243,-1.9740394883846717,0.1388946581250052,9,D1A,2730
244,-2.219342285143392,0.10868056614609,11,D1A,2730
245,-2.3404041306890235,0.09628871714081605,13,D1A,2730
246,-2.415177916419329,0.08935144041915152,15,D1A,2730
247,-2.589959544542988,0.07502307511672507,17,D1A,2730
248,-2.716624975431107,0.06609745894627662,19,D1A,2730
249,-2.7028026317394365,0.06701742413134774,21,D1A,2730
250,-2.729134425258036,0.06527576627678995,23,D1A,2730
251,-2.6955509072113695,0.06750518243666451,25,D1A,2730
252,-2.7198961361360037,0.06588159678826841,27,D1A,2730
253,-2.728870064415796,0.06529302491449424,29,D1A,2730
254,-2.7242570476364247,0.0655949185187759,31,D1A,2730
255,1.8955608554773984,6.656280569348948,3,LD6,3130
256,-0.4312210486275046,0.6497152762301455,5,LD6,3130
257,-2.067796135962145,0.1264641846798953,7,LD6,3130
258,-2.557697706859147,0.07748292365326305,9,LD6,3130
259,-3.2120068996222293,0.04027570281683859,11,LD6,3130
260,-3.733865763053496,0.02390026426355008,13,LD6,3130
261,-3.777328406806196,0.022883745892203704,15,LD6,3130
262,-3.713859956263105,0.024383223216522573,17,LD6,3130
263,-3.7123598681967422,0.024419827646759484,19,LD6,3130
264,-3.6949080644176084,0.02484973813262377,21,LD6,3130
265,-3.7862360907960593,0.02268080990198606,23,LD6,3130
266,-3.767258530988985,0.023115346509228914,25,LD6,3130
267,-3.804753158326222,0.022264692341733915,27,LD6,3130
268,-3.8566874248971392,0.02113790457266879,29,LD6,3130
269,-3.824948037026056,0.021819569311296805,31,LD6,3130
270,0.7082777276594502,2.030491186664811,3,LES,S071
271,-1.6164440157863924,0.19860367643474414,5,LES,S071
272,-1.725901370184773,0.1780125242545284,7,LES,S071
273,-2.9583170543854362,0.051906199016830766,9,LES,S071
274,-3.9149909638899527,0.019940728831455846,11,LES,S071
275,-3.931696899325008,0.019610367484035635,13,LES,S071
276,-3.994677732133525,0.018413379495169135,15,LES,S071
277,-4.010118579823976,0.018131245109469184,17,LES,S071
278,-3.9959577166093205,0.018389825732709336,19,LES,S071
279,-4.011829751366984,0.018100245968786326,21,LES,S071
280,-4.0143168850444075,0.018055284173642345,23,LES,S071
281,-3.9920852559497115,0.018461177674023346,25,LES,S071
282,-4.04805977586635,0.017456210765454047,27,LES,S071
283,-4.036808940676765,0.017653716685714593,29,LES,S071
284,-4.01348661114164,0.018070281229869447,31,LES,S071
285,1.8071494198562994,6.093053914697052,3,LES,S061
286,-1.7138171030997862,0.1801767251968293,5,LES,S061
287,-1.626735186679497,0.19657029295496292,7,LES,S061
288,-2.3845824620318687,0.09212743825312153,9,LES,S061
289,-3.3546879366549756,0.03492026578955464,11,LES,S061
290,-3.3764772538278436,0.03416760678376834,13,LES,S061
291,-3.4933573678671954,0.030398641232530912,15,LES,S061
292,-3.5757626802981064,0.02799406710689346,17,LES,S061
293,-3.6101746900383227,0.02704712159092592,19,LES,S061
294,-3.6413683345024475,0.026216446543111536,21,LES,S061
295,-3.5451049416545133,0.028865593147631315,23,LES,S061
296,-3.5610912306458165,0.02840780832322138,25,LES,S061
297,-3.573354562820652,0.02806156134356733,27,LES,S061
298,-3.55994307761277,0.028440443566051275,29,LES,S061
299,-3.5960269498855126,0.027432496905992938,31,LES,S061
300,0.7403249996484399,2.096616803503075,3,SKF,1630
301,-0.7390325281487723,0.4775757331658941,5,SKF,1630
302,-1.6232376669971769,0.19725900511363345,7,SKF,1630
303,-2.72520370747045,0.06553285182675536,9,SKF,1630
304,-3.456965386340429,0.03152528406645744,11,SKF,1630
305,-3.5717921370202568,0.02810543972043771,13,SKF,1630
306,-3.5461644860427888,0.028835024967429138,15,SKF,1630
307,-3.6036858298192858,0.02722319722955077,17,SKF,1630
308,-3.596055400490995,0.027431716445948415,19,SKF,1630
309,-3.5588702515420003,0.028470971588074108,21,SKF,1630
310,-3.5844693003805688,0.027751391375733604,23,SKF,1630
311,-3.56702490404292,0.02823974477690563,25,SKF,1630
312,-3.578114976847737,0.027928294148507775,27,SKF,1630
313,-3.5935874163164443,0.027499501099337634,29,SKF,1630
314,-3.5850901604655436,0.027734166992045343,31,SKF,1630
315,2.032322761778713,7.631792623310448,3,LD6,2930
316,0.1012355771265253,1.1065372859355294,5,LD6,2930
317,-0.9862989891525694,0.37295444836094876,7,LD6,2930
318,-1.3286968160630137,0.26482214849536484,9,LD6,2930
319,-1.71828377620351,0.17937372935948845,11,LD6,2930
320,-1.7444643763947874,0.17473855800208857,13,LD6,2930
321,-1.7775809383185124,0.16904658717016988,15,LD6,2930
322,-1.756586385977398,0.17263316212310198,17,LD6,2930
323,-1.8379918775989124,0.1591366713724725,19,LD6,2930
324,-1.8383460121388286,0.1590803255581606,21,LD6,2930
325,-1.8519592900257043,0.15692939470737508,23,LD6,2930
326,-1.8646004863592192,0.15495810539688873,25,LD6,2930
327,-1.8715847930777776,0.15387960114667532,27,LD6,2930
328,-1.8652113039154665,0.15486348316703102,29,LD6,2930
329,-1.8630067716520111,0.15520526130414988,31,LD6,2930
330,1.641219780799164,5.161461525680596,3,D1A,2830
331,-1.0826000506626874,0.3387137069568497,5,D1A,2830
332,-2.2792521716375647,0.1023607263545606,7,D1A,2830
333,-2.550354262707172,0.07805400947790173,9,D1A,2830
334,-3.438748151275492,0.03210485059846625,11,D1A,2830
335,-3.9311245712892084,0.019621594259531815,13,D1A,2830
336,-3.9047776216899077,0.020145433900755273,15,D1A,2830
337,-4.034948557699992,0.01768658992864297,17,D1A,2830
338,-4.08770330596427,0.016777722638358764,19,D1A,2830
339,-4.053759886937997,0.017356991474337342,21,D1A,2830
340,-4.076131783039175,0.016972994055438076,23,D1A,2830
341,-4.0759331172386775,0.016976366343857036,25,D1A,2830
342,-4.108564337760714,0.016431347465951537,27,D1A,2830
343,-4.032696614498981,0.017726464004808262,29,D1A,2830
344,-4.046440575001344,0.017484498772827727,31,D1A,2830
345,2.5522112749675614,12.83545514544144,3,D2K,4353
346,0.13474193226577807,1.1442414544458421,5,D2K,4353
347,-0.9148004293473837,0.40059656543177935,7,D2K,4353
348,-1.3268771878892476,0.2653044650230945,9,D2K,4353
349,-1.8255461806796804,0.16112961420963867,11,D2K,4353
350,-1.8255885390279083,0.16112278916987988,13,D2K,4353
351,-1.8888676813638,0.15124296714550484,15,D2K,4353
352,-1.9254614760674258,0.14580845421609387,17,D2K,4353
353,-1.9565636715330106,0.14134328932910314,19,D2K,4353
354,-1.9698608066740206,0.1394762690297339,21,D2K,4353
355,-1.9622800800510107,0.14053761831228176,23,D2K,4353
356,-1.9471666733961697,0.1426777521079018,25,D2K,4353
357,-2.003225155963714,0.13489950893854954,27,D2K,4353
358,-2.016078846805386,0.1331766486332954,29,D2K,4353
359,-2.005600063598821,0.13457951519299594,31,D2K,4353
360,1.2538766550906337,3.5039000744106215,3,LID,2130
361,-0.9884982332031484,0.3721351317780448,5,LID,2130
362,-1.6312539725864503,0.1956840377921701,7,LID,2130
363,-2.0262168236054063,0.13183332764302869,9,LID,2130
364,-3.2388279555388166,0.03920982383531907,11,LID,2130
365,-3.3568948757557893,0.034843283868024766,13,LID,2130
366,-3.7936400173871228,0.02251350297882154,15,LID,2130
367,-3.8095276355677505,0.022158643440346,17,LID,2130
368,-4.035670646317491,0.01767382325326334,19,LID,2130
369,-4.108935642139054,0.016425247567225035,21,LID,2130
370,-4.133035706499957,0.016034129953874647,23,LID,2130
371,-3.9969534704164733,0.018371523107689677,25,LID,2130
372,-4.0148870855203445,0.01804499197660003,27,LID,2130
373,-3.9633383915966327,0.01899958026079862,29,LID,2130
374,-3.9227979581213406,0.01978565778350743,31,LID,2130
375,0.5490706220436224,1.7316429190308402,3,SUM,1130
376,-1.1263217357006567,0.3242236460585752,5,SUM,1130
377,-1.5978759396425957,0.20232581414889506,7,SUM,1130
378,-2.21313988119174,0.10935674170831756,9,SUM,1130
379,-2.6917445119820367,0.06776262349141705,11,SUM,1130
380,-2.737451709240029,0.06473510074272439,13,SUM,1130
381,-2.857827069273014,0.05739333661321461,15,SUM,1130
382,-2.8821719794473624,0.05601297159488881,17,SUM,1130
383,-2.868811277188537,0.05676636596268289,19,SUM,1130
384,-2.881807407919214,0.0560333960524009,21,SUM,1130
385,-2.870652165726388,0.056661961538185326,23,SUM,1130
386,-2.852171964340383,0.05771882141211976,25,SUM,1130
387,-2.902307441524995,0.05489640356070153,27,SUM,1130
388,-2.84361051135959,0.058215099788371166,29,SUM,1130
389,-2.850732235531312,0.05780198071118718,31,SUM,1130
390,1.7103855521845497,5.531093591794219,3,LES,S067
391,-1.1514863287573536,0.3161664926226,5,LES,S067
392,-1.81528437623326,0.1627916077428909,7,LES,S067
393,-2.883450485873902,0.05594140441003655,9,LES,S067
394,-3.886550651552279,0.020515990929936587,11,LES,S067
395,-4.03169003570253,0.017744316070859818,13,LES,S067
396,-4.147831849525073,0.015798633192023993,15,LES,S067
397,-3.9632114848255444,0.01900199158918527,17,LES,S067
398,-4.113948236081614,0.016343120477601523,19,LES,S067
399,-4.163275318124103,0.015556521827998077,21,LES,S067
400,-4.115736759277772,0.0163139165512644,23,LES,S067
401,-4.119536418261902,0.016252046847997484,25,LES,S067
402,-4.123952779260271,0.01618043020103989,27,LES,S067
403,-4.120850169702875,0.01623070971694439,29,LES,S067
404,-4.073437875249562,0.01701877937936827,31,LES,S067
405,1.588585045363757,4.896815252620632,3,SHM,4010
406,0.34332871270354265,1.4096320497400547,5,SHM,4010
407,-0.4601697902827105,0.6311764687773259,7,SHM,4010
408,-1.5068475606805485,0.22160748210205672,9,SHM,4010
409,-2.4859115787469626,0.0832496313177536,11,SHM,4010
410,-2.7356566572899523,0.06485140796907721,13,SHM,4010
411,-2.835644154252489,0.05868071422531819,15,SHM,4010
412,-2.9810114011213464,0.050741487905828414,17,SHM,4010
413,-2.968583962994313,0.051376009177843684,19,SHM,4010
414,-2.9865562380633928,0.050460913218499874,21,SHM,4010
415,-3.0078936359750927,0.04939561440405256,23,SHM,4010
416,-3.025982468734632,0.048510138156210074,25,SHM,4010
417,-3.013904790762098,0.04909958036469383,27,SHM,4010
418,-3.0071952575288163,0.04943012328521976,29,SHM,4010
419,-2.981246942266925,0.05072953760508774,31,SHM,4010
420,2.603693000091785,13.51355154483484,3,D2K,4333
421,0.140929313931222,1.1513432611793746,5,D2K,4333
422,-0.9572629088021842,0.38394233428571106,7,D2K,4333
423,-1.570076290210544,0.20802931115167228,9,D2K,4333
424,-2.2508726934801735,0.10530728346980482,11,D2K,4333
425,-2.5145366986838993,0.08090038478022882,13,D2K,4333
426,-2.239446575239626,0.10651743745753688,15,D2K,4333
427,-2.5074117674321235,0.08147885278527225,17,D2K,4333
428,-2.577235305217881,0.07598378587415963,19,D2K,4333
429,-2.6598349547361844,0.06995976732011172,21,D2K,4333
430,-2.6836271438014743,0.06831491620420371,23,D2K,4333
431,-2.635882382299521,0.0716557137713763,25,D2K,4333
432,-2.67479725768527,0.06892080014083625,27,D2K,4333
433,-2.70320576460547,0.06699041265005724,29,D2K,4333
434,-2.7090369023908636,0.06660091902273313,31,D2K,4333
435,0.6137950762662525,1.8474292465869462,3,LES,0901
436,-1.5262093028109753,0.2173580461712766,5,LES,0901
437,-1.983791754256004,0.1375467039777467,7,LES,0901
438,-3.072107849206581,0.04632340911582899,9,LES,0901
439,-3.7318353937405804,0.023948839923258428,11,LES,0901
440,-3.7933587170265937,0.022519836926155324,13,LES,0901
441,-3.7939298200473783,0.02250697945108011,15,LES,0901
442,-3.8108122032903724,0.022130197436526215,17,LES,0901
443,-3.817921783747081,0.021973418992188465,19,LES,0901
444,-3.8190092812740906,0.021949535942107246,21,LES,0901
445,-3.81870971264307,0.02195611231952996,23,LES,0901
446,-3.807464287711851,0.022204411631389896,25,LES,0901
447,-3.827124008671654,0.021772142165931412,27,LES,0901
448,-3.812564157558389,0.02209146028544196,29,LES,0901
449,-3.8279359787873806,0.02175447101233252,31,LES,0901
450,0.4835286924722209,1.6217871050284831,3,LES,0810
451,-1.0499851806063005,0.3499429350148556,5,LES,0810
452,-2.1071642226135134,0.12158225825373395,7,LES,0810
453,-3.1709115190198465,0.04196532826945396,9,LES,0810
454,-3.990075544311051,0.018498316624448497,11,LES,0810
455,-4.026802004381325,0.01783126317054306,13,LES,0810
456,-4.163426132549791,0.015554175857000465,15,LES,0810
457,-4.1321804870399585,0.016047848519191207,17,LES,0810
458,-4.202435433003832,0.014959100533583515,19,LES,0810
459,-4.052740861742525,0.017374687700886304,21,LES,0810
460,-4.217882892296803,0.014729796082396511,23,LES,0810
461,-4.219307346662898,0.014708829096857596,25,LES,0810
462,-4.214123046355264,0.0147852820904732,27,LES,0810
463,-4.218139951657568,0.014726010137058574,29,LES,0810
464,-4.213428038557549,0.014795561548555484,31,LES,0810
465,1.0297903059946119,2.80047852956418,3,LES,S078
466,-1.243056620795556,0.2885010305926269,5,LES,S078
467,-1.6813860777892813,0.18611582615995886,7,LES,S078
468,-2.699889625260471,0.06721293094009674,9,LES,S078
469,-3.900723026809952,0.020227281290778904,11,LES,S078
470,-4.276669859978287,0.0138888369311773,13,LES,S078
471,-4.1501512909579805,0.015762031651588893,15,LES,S078
472,-4.302289225108196,0.013537533052480585,17,LES,S078
473,-4.3465400778242085,0.012951546490844068,19,LES,S078
474,-4.287519720629163,0.013738959530614563,21,LES,S078
475,-4.323436058255769,0.013254262790462821,23,LES,S078
476,-4.303596918935951,0.013519841674039136,25,LES,S078
477,-4.282840321223598,0.013803400264053085,27,LES,S078
478,-4.310837247193472,0.013422307099579447,29,LES,S078
479,-4.341060870289363,0.013022705471349556,31,LES,S078
480,0.6306246303981806,1.878783758271588,3,SKF,1930
481,-1.7040040353220056,0.18195351523553346,5,SKF,1930
482,-2.438371876896165,0.08730287564304876,7,SKF,1930
483,-2.972970215620791,0.05115115451782303,9,SKF,1930
484,-3.910160990702164,0.020037274987037352,11,SKF,1930
485,-3.889965512027392,0.020446051168630963,13,SKF,1930
486,-3.9345021570980157,0.01955543243772815,15,SKF,1930
487,-3.9129710549632915,0.019981047994436625,17,SKF,1930
488,-3.920898138540029,0.019823282692546455,19,SKF,1930
489,-3.9046012426511676,0.02014898744639796,21,SKF,1930
490,-3.902408887178225,0.020193209646979505,23,SKF,1930
491,-3.908572934131502,0.020069120592857786,25,SKF,1930
492,-3.904190847944205,0.02015725818121343,27,SKF,1930
493,-3.9078877282909055,0.02008287678387664,29,SKF,1930
494,-3.906731604178256,0.020106108508768848,31,SKF,1930
495,0.8103693064262869,2.2487383068535043,3,LES,S063
496,-0.9089484861172228,0.40294770645316336,5,LES,S063
497,-1.715392021696539,0.17989318485669914,7,LES,S063
498,-2.8594448816741465,0.057300560029288856,9,LES,S063
499,-4.060324424658806,0.017243424015848233,11,LES,S063
500,-4.246130285187505,0.014319539365402565,13,LES,S063
501,-4.403491840027071,0.0122345441576013,15,LES,S063
502,-4.708159589927441,0.009021365325242859,17,LES,S063
503,-4.759031860791825,0.008573906115338573,19,LES,S063
504,-4.866909538602335,0.0076971162088564525,21,LES,S063
505,-4.847464199208129,0.007848253945854417,23,LES,S063
506,-4.735269358530548,0.008780083522821336,25,LES,S063
507,-4.770455241086193,0.008476520421100435,27,LES,S063
508,-4.811836417694393,0.008132910554596412,29,LES,S063
509,-4.778069134224822,0.008412226175785211,31,LES,S063
510,1.995766742523404,7.357842436303817,3,LID,2830
511,-0.16297694696282505,0.8496107742975965,5,LID,2830
512,-1.5197543309057944,0.2187656243039073,7,LID,2830
513,-2.6338723722195483,0.07179988732495228,9,LID,2830
514,-3.818389708700742,0.021963139486330985,11,LID,2830
515,-3.7283536199663025,0.024032369697532138,13,LID,2830
516,-3.90095550193712,0.020222579497534737,15,LID,2830
517,-4.347860439127312,0.01293445705464009,17,LID,2830
518,-4.176487026869653,0.015352345322669294,19,LID,2830
519,-4.298237210793447,0.013592498615614153,21,LID,2830
520,-4.336644588894365,0.013080344584826915,23,LID,2830
521,-4.2462069057294345,0.01431844223656805,25,LID,2830
522,-4.2344146440309585,0.014488288522266381,27,LID,2830
523,-4.2174377843632875,0.014736353890849862,29,LID,2830
524,-4.263516957993577,0.014072722102848751,31,LID,2830
525,1.447853659310716,4.253974231612027,3,LID,2730
526,-0.7752687612573412,0.4605799783089512,5,LID,2730
527,-1.3870815373185967,0.24980328338579968,7,LID,2730
528,-2.4433107053707737,0.08687276471123903,9,LID,2730
529,-3.3870979797183653,0.033806642243556534,11,LID,2730
530,-3.4299172309825745,0.032389621519112066,13,LID,2730
531,-3.480469823550785,0.030792940385100876,15,LID,2730
532,-3.763631753621923,0.02319933293275068,17,LID,2730
533,-3.7792548183081545,0.022839704815147698,19,LID,2730
534,-3.79506910081697,0.022481352283251564,21,LID,2730
535,-3.8011767812590285,0.02234446183470156,23,LID,2730
536,-3.792849125577656,0.022531315766995522,25,LID,2730
537,-3.772515244723936,0.022994154564500935,27,LID,2730
538,-3.753232308068292,0.023441851978603913,29,LID,2730
539,-3.811725485894844,0.022109995538599065,31,LID,2730
540,0.8490410369006764,2.3374042923673346,3,LES,S069
541,-1.3245734558867037,0.26591635995994034,5,LES,S069
542,-1.6301281836984358,0.19590446075906137,7,LES,S069
543,-2.6363973677929655,0.07161882161853875,9,LES,S069
544,-3.1152438728176293,0.04436768575548373,11,LES,S069
545,-3.151817481050613,0.04277431467099612,13,LES,S069
546,-3.1494271836434784,0.042876680297853374,15,LES,S069
547,-3.1613612692812745,0.04236802751320851,17,LES,S069
548,-3.1649738092504083,0.042215247448602576,19,LES,S069
549,-3.172070197316989,0.04191673211344816,21,LES,S069
550,-3.1721957324779626,0.04191147042000548,23,LES,S069
551,-3.166496542611458,0.042151013800738525,25,LES,S069
552,-3.1738087388107745,0.04184392144590775,27,LES,S069
553,-3.1707668016872455,0.04197140181928621,29,LES,S069
554,-3.182963960088174,0.04146257938504061,31,LES,S069
555,0.7489584538279073,2.1147962112308085,3,LES,S064
556,-1.2495091498904096,0.2866454622911239,5,LES,S064
557,-1.9513704165579657,0.1420792303803431,7,LES,S064
558,-2.863955486040945,0.057042681903323844,9,LES,S064
559,-3.702060609764379,0.02467263338368852,11,LES,S064
560,-3.793410315587956,0.022518674964945848,13,LES,S064
561,-3.818635965003053,0.02195773159070546,15,LES,S064
562,-3.8224959519315695,0.021873138403117606,17,LES,S064
563,-3.916092521653059,0.019918775060702814,19,LES,S064
564,-3.9193746023291864,0.019853507199765585,21,LES,S064
565,-3.914370435490699,0.019953106459935404,23,LES,S064
566,-3.932151872161313,0.019601447328888452,25,LES,S064
567,-3.7239963086307215,0.0241373146873912,27,LES,S064
568,-3.5733862085413177,0.028060673329286603,29,LES,S064
569,-3.8779864690885133,0.02069244814706464,31,LES,S064
570,1.011626276314482,2.75006975363364,3,LID,2530
571,-1.2208256098636494,0.29498652257758234,5,LID,2530
572,-1.9702614613326734,0.13942039840593587,7,LID,2530
573,-2.773043498568365,0.06247158294165601,9,LID,2530
574,-3.439330971318674,0.032086144699669986,11,LID,2530
575,-3.5591486034611552,0.02846304774135249,13,LID,2530
576,-3.551421084158399,0.028683848514557016,15,LID,2530
577,-3.7440043252550677,0.023659174166296645,17,LID,2530
578,-3.801926089548187,0.022327725215458873,19,LID,2530
579,-3.8320934421211645,0.021664215344070595,21,LID,2530
580,-3.8420311326423806,0.021449989295717585,23,LID,2530
581,-3.8092753330699525,0.022164234826764537,25,LID,2530
582,-3.9320769974178296,0.01960291503717557,27,LID,2530
583,-3.95017789346205,0.019251276794477242,29,LID,2530
584,-4.0251041218422925,0.017861564277510067,31,LID,2530
585,0.8866614955057804,2.427013515421346,3,LES,S062
586,-1.3973316462580125,0.24725585055343546,5,LES,S062
587,-1.8822236933402468,0.15225116914013825,7,LES,S062
588,-2.934497726612285,0.05315741215576933,9,LES,S062
589,-3.9228700952698583,0.019784230554052123,11,LES,S062
590,-4.113210729599291,0.01635517808062883,13,LES,S062
591,-4.136872770577211,0.015972723854727637,15,LES,S062
592,-4.220928927044866,0.014684996876305338,17,LES,S062
593,-4.233555819756171,0.014500736760809017,19,LES,S062
594,-4.228658963155025,0.014571918931538039,21,LES,S062
595,-4.174258800666767,0.015386591961252239,23,LES,S062
596,-4.235146815362092,0.014477684495229197,25,LES,S062
597,-4.275055387947141,0.013911278180458023,27,LES,S062
598,-4.178545502061775,0.01532077540477575,29,LES,S062
599,-4.173456967868757,0.015398934382954331,31,LES,S062
600,1.4726868908159123,4.360936774485313,3,LES,S079
601,-0.649880456503601,0.5221081876687851,5,LES,S079
602,-1.4429412842181664,0.2362319106497397,7,LES,S079
603,-2.1450475856248064,0.1170624664209806,9,LES,S079
604,-2.8082270975144716,0.06031182464662898,11,LES,S079
605,-2.676818200418025,0.06878165579938664,13,LES,S079
606,-2.902745655686374,0.054872352449406116,15,LES,S079
607,-2.9636716930799083,0.05162900287998965,17,LES,S079
608,-2.9480198521767824,0.05244344898260776,19,LES,S079
609,-2.986230167250433,0.05047736973234433,21,LES,S079
610,-2.971376170514638,0.05123275678692596,23,LES,S079
611,-2.8145286424021774,0.05993296194023631,25,LES,S079
612,-2.9590280792027137,0.051869305538802805,27,LES,S079
613,-2.8654976306545605,0.05695478163356467,29,LES,S079
614,-3.043679820852821,0.04765918914152041,31,LES,S079
615,1.0271344548891197,2.793050743478492,3,SHM,1101
616,-1.0049713436420757,0.3660551244603835,5,SHM,1101
617,-1.4646472602803011,0.2311595162409383,7,SHM,1101
618,-2.006071796876654,0.13451604452895405,9,SHM,1101
619,-3.0796964710443975,0.045973208731538553,11,SHM,1101
620,-3.732003374987739,0.02394481730513178,13,SHM,1101
621,-4.457350180520432,0.011593042091632911,15,SHM,1101
622,-4.807651088749177,0.008167020792039128,17,SHM,1101
623,-5.045059442951882,0.006441077475812254,19,SHM,1101
624,-4.913181509309276,0.007349069963739937,21,SHM,1101
625,-4.710560423436476,0.008999732507860165,23,SHM,1101
626,-4.933592215973517,0.007200590690532495,25,SHM,1101
627,-5.066336087795704,0.006305480596572745,27,SHM,1101
628,-5.051855637356789,0.0063974510757762995,29,SHM,1101
629,-4.768997647568651,0.008488884751212171,31,SHM,1101
630,0.8973685250502323,2.453139235676783,3,LES,S068
631,-1.47033791392816,0.22984780328847715,5,LES,S068
632,-1.7406766443315052,0.17540167590458752,7,LES,S068
633,-2.4767555869679034,0.08401536443133925,9,LES,S068
634,-3.504776614699297,0.03005348610140951,11,LES,S068
635,-3.738008004513853,0.02380146835751615,13,LES,S068
636,-3.690373604713586,0.024962674127190505,15,LES,S068
637,-3.746668224151019,0.023596232390840435,17,LES,S068
638,-3.8072026988478673,0.02221022081798012,19,LES,S068
639,-3.8002082698346142,0.022366113184358164,21,LES,S068
640,-3.802173616432385,0.022322199187153568,23,LES,S068
641,-3.799149740891788,0.022389800897355427,25,LES,S068
642,-3.8436037302852784,0.021416283602803933,27,LES,S068
643,-3.9170626395230137,0.019899460871103815,29,LES,S068
644,-3.913020350993293,0.019980063032372784,31,LES,S068
645,2.3510307143491014,10.49638292360367,3,SUM,6530
646,-0.32603228364031567,0.7217818853088075,5,SUM,6530
647,-1.5083075936518302,0.22128416395651598,7,SUM,6530
648,-1.9851791371319771,0.13735600635190012,9,SUM,6530
649,-2.9655682032601334,0.05153118074009512,11,SUM,6530
650,-3.0722774504430737,0.046315553274563416,13,SUM,6530
651,-3.1346113246182528,0.04351666439887641,15,SUM,6530
652,-3.341015531846405,0.03540098862946317,17,SUM,6530
653,-3.344316132917774,0.03528433670509869,19,SUM,6530
654,-3.361039871099652,0.03469915752648689,21,SUM,6530
655,-3.4233597451226045,0.03260271391583104,23,SUM,6530
656,-3.461245211252246,0.03139064968166171,25,SUM,6530
657,-3.368563837056159,0.03443906194867568,27,SUM,6530
658,-3.4668007029993837,0.03121674270309116,29,SUM,6530
659,-3.465177596282884,0.031267451949966704,31,SUM,6530
660,1.9742885718022682,7.201494484699494,3,D2K,4583
661,0.08889499649551871,1.0929658850525337,5,D2K,4583
662,-1.4397779475135284,0.2369803749216185,7,D2K,4583
663,-1.736717674036512,0.17609746231927884,9,D2K,4583
664,-2.2945392784023175,0.10080782691406538,11,D2K,4583
665,-2.7040522681833044,0.06693372902090064,13,D2K,4583
666,-2.757341438052944,0.06346025731648884,15,D2K,4583
667,-2.827933847600355,0.059134909267979645,17,D2K,4583
668,-2.88474178841097,0.055869213752615526,19,D2K,4583
669,-2.8965836057168723,0.055211522545469176,21,D2K,4583
670,-2.911300095323499,0.054404952246340274,23,D2K,4583
671,-2.8831602406205157,0.055957643493678794,25,D2K,4583
672,-2.9590526588105353,0.05186803062728316,27,D2K,4583
673,-2.9483768954503655,0.05242472774425002,29,D2K,4583
674,-2.986907183582559,0.050443207294201924,31,D2K,4583
675,0.4860475660880463,1.625877330996349,3,LES,1001
676,-1.2183333109697285,0.2957226340854395,5,LES,1001
677,-2.0254784218941304,0.13193070954682098,7,LES,1001
678,-2.977445267515381,0.050922761862530835,9,LES,1001
679,-3.556360544143169,0.02854251513525327,11,LES,1001
680,-3.577684280889629,0.027940325342621745,13,LES,1001
681,-3.600910079544162,0.02729886699835626,15,LES,1001
682,-3.6090612826443347,0.027077252827149206,17,LES,1001
683,-3.6077047749396627,0.02711400825310365,19,LES,1001
684,-3.6161090346479994,0.02688708996176863,21,LES,1001
685,-3.6096753525601097,0.027060630604911845,23,LES,1001
686,-3.6051895472605078,0.027182291995735422,25,LES,1001
687,-3.6030208395486376,0.027241306411391882,27,LES,1001
688,-3.600754613246909,0.02730311138204847,29,LES,1001
689,-3.599332807398139,0.027341958715639884,31,LES,1001
690,1.948778856358029,7.020109781866972,3,D1A,2930
691,-0.4020020543366995,0.6689793713800612,5,D1A,2930
692,-2.3583139243976423,0.09457955711777472,7,D1A,2930
693,-2.583574243423436,0.07550365272578846,9,D1A,2930
694,-2.781650252104383,0.061936212629282894,11,D1A,2930
695,-2.9134461170883177,0.0542883232236766,13,D1A,2930
696,-3.002448501887944,0.04966531375599675,15,D1A,2930
697,-2.9628989683706735,0.05166891330412775,17,D1A,2930
698,-3.0134820422095228,0.049120341529292,19,D1A,2930
699,-3.052607755765757,0.04723558477269689,21,D1A,2930
700,-3.0224968232806018,0.04867952233384546,23,D1A,2930
701,-2.9882151216672037,0.05037727383011395,25,D1A,2930
702,-3.008519281907729,0.04936471990432742,27,D1A,2930
703,-3.0461262599146712,0.0475427363449651,29,D1A,2930
704,-3.0513491977724514,0.04729507092101276,31,D1A,2930
705,1.6494426076899447,5.204078305383655,3,D2A,2930
706,-1.1601808540481595,0.31342949076422383,5,D2A,2930
707,-2.8767507495206797,0.056317455385375595,7,D2A,2930
708,-2.998912093611376,0.049841261510800434,9,D2A,2930
709,-3.1906608247565917,0.0411446725351551,11,D2A,2930
710,-3.142960347032874,0.04315485527035434,13,D2A,2930
711,-3.2331145518940567,0.03943448656903288,15,D2A,2930
712,-3.2090822679335678,0.040393666830142075,17,D2A,2930
713,-3.2193988831036586,0.03997908314142613,19,D2A,2930
714,-3.2151105135794222,0.04015089635915483,21,D2A,2930
715,-3.2489985506413794,0.03881305768712061,23,D2A,2930
716,-3.257847022605464,0.0384711364056761,25,D2A,2930
717,-3.2602200479930983,0.038379951656946486,27,D2A,2930
718,-3.2724020185210474,0.037915244488393327,29,D2A,2930
719,-3.2796237848564664,0.037642415790456796,31,D2A,2930
720,0.5175735378473042,1.6779512209172545,3,SUM,1230
721,-1.3052971043717199,0.27109198046709876,5,SUM,1230
722,-1.62009470448514,0.19787995807665082,7,SUM,1230
723,-2.1654595470703697,0.11469721371580062,9,SUM,1230
724,-3.138422844054811,0.043351115483580185,11,SUM,1230
725,-3.3355333000050527,0.035595598016017756,13,SUM,1230
726,-3.5118561519167915,0.029841472691956448,15,SUM,1230
727,-3.701004072562985,0.024698714714236583,17,SUM,1230
728,-3.7229150122633268,0.024163428393864966,19,SUM,1230
729,-3.817979873386694,0.021972142601271047,21,SUM,1230
730,-3.811502888502306,0.022114917713766336,23,SUM,1230
731,-3.804084332940784,0.022279588514084857,25,SUM,1230
732,-3.8277447255453763,0.021758632023332457,27,SUM,1230
733,-3.8486859956768513,0.02130771648297657,29,SUM,1230
734,-3.875569909668893,0.020742513145707502,31,SUM,1230
735,1.685799850939107,5.396765814693142,3,LD6,2830
736,-0.7710563984811828,0.462524200274286,5,LD6,2830
737,-2.3132513606319587,0.09893904152840051,7,LD6,2830
738,-3.0478566591602427,0.047460539566992685,9,LD6,2830
739,-3.589024149295482,0.027625275418444336,11,LD6,2830
740,-3.5739086175155412,0.02804601801008507,13,LD6,2830
741,-3.7263320774683693,0.024081001293058665,15,LD6,2830
742,-3.8080413568753975,0.02219160184656412,17,LD6,2830
743,-3.9370259900521396,0.019506140021986244,19,LD6,2830
744,-4.000103045498604,0.018313751641830456,21,LD6,2830
745,-3.9563501699988937,0.01913281854502632,23,LD6,2830
746,-3.9516267747358684,0.0192234041769654,25,LD6,2830
747,-3.966297236834377,0.018943446529689437,27,LD6,2830
748,-4.016955525505332,0.01800770556930871,29,LD6,2830
749,-3.9903240735291994,0.018493719823524095,31,LD6,2830
750,2.145891003014644,8.549655613500066,3,D2A,3030
751,0.09919237614570667,1.1042787160094696,5,D2A,3030
752,-1.7331104515593474,0.17673383211720833,7,D2A,3030
753,-2.5733804712014727,0.07627725603261007,9,D2A,3030
754,-2.823973874711522,0.059369546176743934,11,D2A,3030
755,-2.888733558097194,0.055646641243405584,13,D2A,3030
756,-2.8898343984094095,0.05558541688279048,15,D2A,3030
757,-2.888893589697088,0.055637736734899065,17,D2A,3030
758,-2.9708695323784977,0.05125871983171278,19,D2A,3030
759,-2.972925545653768,0.05115343948924296,21,D2A,3030
760,-2.9958536590719977,0.04999393109244585,23,D2A,3030
761,-3.003774007506309,0.04959952571441696,25,D2A,3030
762,-2.993208598569867,0.05012634310661907,27,D2A,3030
763,-2.9791796389383096,0.050834519424281216,29,D2A,3030
764,-2.9756479790251653,0.051014367052133865,31,D2A,3030
765,1.2341928183363824,3.4356042444337325,3,SHM,3110
766,-0.36621788485292023,0.6933517139143287,5,SHM,3110
767,-1.7102660878534526,0.1808176728289311,7,SHM,3110
768,-2.5766177186976784,0.07603072692965902,9,SHM,3110
769,-3.340391131801466,0.03542309991077844,11,SHM,3110
770,-3.357140438269955,0.03483472871409189,13,SHM,3110
771,-3.475844498185008,0.03093569764823815,15,SHM,3110
772,-3.6183705841207936,0.026826352184272446,17,SHM,3110
773,-3.6348886974978765,0.026386871148768743,19,SHM,3110
774,-3.77381239524927,0.022964347021442556,21,SHM,3110
775,-3.65455927968629,0.025872897682414592,23,SHM,3110
776,-3.6565410220953196,0.025821675035642474,25,SHM,3110
777,-3.6391324582921203,0.026275128850997913,27,SHM,3110
778,-3.590539624285037,0.02758344171144294,29,SHM,3110
779,-3.6469732313894654,0.02606991708833594,31,SHM,3110
780,1.5869927811522957,4.889024433111296,3,LID,2230
781,-0.4555049760617371,0.634127667790759,5,LID,2230
782,-1.4161452973167263,0.24264755065817417,7,LID,2230
783,-2.4247289922366315,0.0885021005486764,9,LID,2230
784,-3.0679811660630874,0.04651496612306936,11,LID,2230
785,-3.1542787106945793,0.042669166709446635,13,LID,2230
786,-3.3013735999650087,0.03683253946301564,15,LID,2230
787,-3.3134764016044937,0.03638944926894004,17,LID,2230
788,-3.324044994000228,0.03600688913401367,19,LID,2230
789,-3.332696301184458,0.03569672606786152,21,LID,2230
790,-3.3418228854602243,0.03537241904778976,23,LID,2230
791,-3.3191563838483265,0.03618334373523335,25,LID,2230
792,-3.353848118065823,0.03494960479589994,27,LID,2230
793,-3.337670983155867,0.03551958717838469,29,LID,2230
794,-3.359861946181176,0.03474005461090612,31,LID,2230
795,1.0812218092400665,2.948279586580529,3,LES,S076
796,-1.3742614248307388,0.253026405830145,5,LES,S076
797,-1.7354652673021151,0.17631814613109814,7,LES,S076
798,-2.6606498160841783,0.0699027830301087,9,LES,S076
799,-3.5978882248493314,0.02738148497464902,11,LES,S076
800,-3.7962182881315827,0.022455531837498283,13,LES,S076
801,-3.7332343492603006,0.023915359985389063,15,LES,S076
802,-3.8316832105142304,0.021673104513128552,17,LES,S076
803,-3.828419427818413,0.021743956376251095,19,LES,S076
804,-3.837462818485085,0.02154820375192933,21,LES,S076
805,-3.8077338118662176,0.02219842781254982,23,LES,S076
806,-3.8403975775537487,0.021485057670145125,25,LES,S076
807,-3.8539120200633477,0.021196652301851266,27,LES,S076
808,-3.8515928245558957,0.021245868531612404,29,LES,S076
809,-3.860351193988301,0.021060601867345548,31,LES,S076
810,1.2951709723056322,3.6516202467059635,3,SUM,6830
811,-0.4129674949879021,0.6616837905179084,5,SUM,6830
812,-0.6441932631417931,0.525085977494933,7,SUM,6830
813,-1.7717184408319415,0.17004053301835484,9,SUM,6830
814,-2.787966189455088,0.06154626014460867,11,SUM,6830
815,-2.8695790824634195,0.056722797175773436,13,SUM,6830
816,-2.962789024822959,0.05167459428005055,15,SUM,6830
817,-3.0489771625709348,0.04740738965342524,17,SUM,6830
818,-3.0863093034297053,0.04567019858982856,19,SUM,6830
819,-2.955984024385491,0.05202743910971434,21,SUM,6830
820,-2.977423606789388,0.05092386489846858,23,SUM,6830
821,-2.9883891317680935,0.050368508438267685,25,SUM,6830
822,-3.002840582163383,0.04964584478304909,27,SUM,6830
823,-3.03571303228903,0.04804039630671748,29,SUM,6830
824,-3.0493620205532532,0.04738914805153445,31,SUM,6830
825,1.2351573279743056,3.4389195163884443,3,SUM,1430
826,-1.7921774463751488,0.1665970183655308,5,SUM,1430
827,-2.244622117595031,0.10596757609117441,7,SUM,1430
828,-3.4191337918916713,0.03274078299129104,9,SUM,1430
829,-4.148110955563525,0.015794224313401745,11,SUM,1430
830,-4.073583981940389,0.01701629300347374,13,SUM,1430
831,-4.182711284437735,0.015257085140603841,15,SUM,1430
832,-4.18154652326489,0.015274866354409859,17,SUM,1430
833,-4.193129610656738,0.01509895699604167,19,SUM,1430
834,-4.19870089649979,0.015015070286086023,21,SUM,1430
835,-4.209449194613266,0.014854548050248845,23,SUM,1430
836,-4.199247525882826,0.015006864850349745,25,SUM,1430
837,-4.191959073587961,0.015116641232913633,27,SUM,1430
838,-4.185108400327909,0.015220555939231994,29,SUM,1430
839,-4.195986890257146,0.015055876629864354,31,SUM,1430
840,0.9937774367205781,2.7014196651183218,3,SHM,1010
841,-0.8504781307078728,0.4272106205924176,5,SHM,1010
842,-1.5185443922571222,0.21903047748349158,7,SHM,1010
843,-2.5281214183093597,0.07980880691205755,9,SHM,1010
844,-3.2214465275055186,0.03989730395156423,11,SHM,1010
845,-3.306104337824686,0.03665870587886659,13,SHM,1010
846,-3.3786518641036394,0.03409338628453579,15,SHM,1010
847,-3.5629380210242663,0.028355393470657228,17,SHM,1010
848,-3.5184586354622334,0.02964509386690779,19,SHM,1010
849,-3.5473970760152853,0.02879950510001084,21,SHM,1010
850,-3.5402126878504707,0.02900715695620362,23,SHM,1010
851,-3.494980326390287,0.030349345511927507,25,SHM,1010
852,-3.4916590150550784,0.030450312716137354,27,SHM,1010
853,-3.533581004073943,0.029200162516963835,29,SHM,1010
854,-3.5932626571289115,0.02750843326529519,31,SHM,1010
855,1.9656733792794856,7.139718710446896,3,LID,2630
856,-0.9577874809799651,0.3837409816358888,5,LID,2630
857,-1.8354756223229092,0.15953760407438888,7,LID,2630
858,-2.2538091611051403,0.10499850562117893,9,LID,2630
859,-3.210407999628205,0.040340151147319286,11,LID,2630
860,-3.206370787375103,0.0405033420964177,13,LID,2630
861,-3.3461409174090604,0.03522000910454787,15,LID,2630
862,-3.3892159095926324,0.03373511791449284,17,LID,2630
863,-3.411690646599288,0.032985386576834155,19,LID,2630
864,-3.4150524101360897,0.03287468368971611,21,LID,2630
865,-3.4092093802373618,0.03306733373129774,23,LID,2630
866,-3.436765182887667,0.03216857666480459,25,LID,2630
867,-3.481795049901803,0.030752159796800654,27,LID,2630
868,-3.5015270113282795,0.030151306864414463,29,LID,2630
869,-3.492487349361261,0.030425100121150885,31,LID,2630
870,0.8560685958079873,2.353888392372999,3,LES,S065
871,-1.5392723356338085,0.21453715568594714,5,LES,S065
872,-2.018160262185125,0.13289974098849366,7,LES,S065
873,-2.6531778838009537,0.07042704808869579,9,LES,S065
874,-3.2552328106919526,0.038571839681294184,11,LES,S065
875,-3.2272921958416396,0.0396647579009106,13,LES,S065
876,-3.210574256951215,0.040333444859279914,15,LES,S065
877,-3.2232570176766737,0.03982513562464085,17,LES,S065
878,-3.2225961435371007,0.03985146372570249,19,LES,S065
879,-3.2381449307410284,0.039236614265538074,21,LES,S065
880,-3.233079190378537,0.03943588105689717,23,LES,S065
881,-3.2353117370901057,0.039347936816666054,25,LES,S065
882,-3.230134823065925,0.03955216588463906,27,LES,S065
883,-3.2257625465015285,0.039725477499667025,29,LES,S065
884,-3.2298366073371962,0.039563962721524855,31,LES,S065
885,0.6034612622215854,1.82843655875932,3,LES,S077
886,-1.0626776692945983,0.3455293571659457,5,LES,S077
887,-1.7279707218988254,0.17764453461365415,7,LES,S077
888,-2.5174338095930637,0.08066634657394182,9,LES,S077
889,-2.989947538486548,0.05029007494783202,11,LES,S077
890,-3.0845757508867084,0.045749438942546156,13,LES,S077
891,-3.128039757501384,0.04380357878570657,15,LES,S077
892,-3.170203161583949,0.04199506525274668,17,LES,S077
893,-3.1586871611698704,0.04248147581815768,19,LES,S077
894,-3.1554199382796857,0.042620499254967144,21,LES,S077
895,-3.141892967577854,0.04320094246814271,23,LES,S077
896,-3.1329532857301667,0.0435888765694799,25,LES,S077
897,-3.128016207285215,0.04380461038160306,27,LES,S077
898,-3.1451501841263743,0.04306045656413609,29,LES,S077
899,-3.1680271181358424,0.042086547838284416,31,LES,S077
900,1.0947377769775009,2.9883989536358055,3,LES,S060
901,-1.6804158559652085,0.18629648742288277,5,LES,S060
902,-2.071092993334222,0.12604793683224796,7,LES,S060
903,-2.976312107441671,0.050980498209199865,9,LES,S060
904,-3.9268499787740434,0.019705648099459794,11,LES,S060
905,-3.8654332754255267,0.02095384168528785,13,LES,S060
906,-3.951436666193962,0.01922705905770498,15,LES,S060
907,-3.958299388432251,0.019095560825949258,17,LES,S060
908,-3.9741413692247467,0.018795432905357252,19,LES,S060
909,-3.959920421159075,0.01906463137251435,21,LES,S060
910,-3.9720382092960054,0.01883500430459146,23,LES,S060
911,-3.980143490458342,0.01868295831913468,25,LES,S060
912,-3.9719125556274366,0.018837371140677545,27,LES,S060
913,-3.9602626526418288,0.019058107971771807,29,LES,S060
914,-3.9826517527732825,0.018636155280538132,31,LES,S060
915,1.642978856167375,5.170548915873221,3,D2A,2830
916,-1.1828575554279737,0.30640192594077253,5,D2A,2830
917,-2.6703686818109986,0.06922669797952351,7,D2A,2830
918,-3.3696750666138957,0.034400813500436556,9,D2A,2830
919,-3.499186617615154,0.030221955433928638,11,D2A,2830
920,-3.5509193871170077,0.02869824272695745,13,D2A,2830
921,-3.6571671475081353,0.025805512489119768,15,D2A,2830
922,-3.5985106997806944,0.027364445990389275,17,D2A,2830
923,-3.6324243292165366,0.026451978308130532,19,D2A,2830
924,-3.644224267576072,0.02614168093995346,21,D2A,2830
925,-3.639888232113874,0.02625527829865791,23,D2A,2830
926,-3.6177449271270077,0.026843141530772642,25,D2A,2830
927,-3.6255515164364036,0.026634403973347213,27,D2A,2830
928,-3.62145705682474,0.02674368102727324,29,D2A,2830
929,-3.6490693195645614,0.0260153294736145,31,D2A,2830
930,1.0308457680993512,2.803435888943107,3,SHM,2101
931,-0.5049138057629526,0.6035575963715889,5,SHM,2101
932,-0.8903406227268176,0.4105158978902841,7,SHM,2101
933,-1.8541026245619412,0.15659340271619293,9,SHM,2101
934,-2.811259999949005,0.06012918187568261,11,SHM,2101
935,-2.8218436082434635,0.059496153936441434,13,SHM,2101
936,-2.939319784090919,0.05290170108117627,15,SHM,2101
937,-2.956988187322745,0.051975221305619684,17,SHM,2101
938,-3.0141126132062435,0.04908937743013203,19,SHM,2101
939,-3.0174322350758636,0.048926689439954284,21,SHM,2101
940,-3.0233270022420533,0.04863912638880231,23,SHM,2101
941,-3.0666231985374184,0.04657817484450412,25,SHM,2101
942,-3.1598037574817366,0.042434067631765195,27,SHM,2101
943,-3.1111379601721563,0.044550230096584605,29,SHM,2101
944,-3.0580512013515175,0.04697915899035281,31,SHM,2101
945,1.7254307530639033,5.614939161094283,3,SKF,1730
946,-1.5350273853024121,0.21544979093127326,5,SKF,1730
947,-3.04594534104676,0.04755133850112475,7,SKF,1730
948,-3.0884909489361,0.04557067101272034,9,SKF,1730
949,-3.2527453593995115,0.038667904682734434,11,SKF,1730
950,-3.279915124803914,0.03763145064838814,13,SKF,1730
951,-3.3344407424416103,0.035634509508507474,15,SKF,1730
952,-3.336558266035056,0.035559132428420404,17,SKF,1730
953,-3.323424480186643,0.036029238839538937,19,SKF,1730
954,-3.3410312796430306,0.035400431146283474,21,SKF,1730
955,-3.3251823947995875,0.035965958151408996,23,SKF,1730
956,-3.3262457776719656,0.03592773289516555,25,SKF,1730
957,-3.325929758532211,0.035939088540614554,27,SKF,1730
958,-3.3289485620283825,0.035830759089410705,29,SKF,1730
959,-3.332899774954697,0.03568946345932353,31,SKF,1730
960,0.7506685342217645,2.118415776760581,3,LES,0701
961,-1.1982733004091857,0.30171473309719765,5,LES,0701
962,-1.6814750654682682,0.18609926488145195,7,LES,0701
963,-2.7198882366671278,0.06588211721994731,9,LES,0701
964,-3.9118017632751174,0.020004425332577572,11,LES,0701
965,-3.8821221268375057,0.020607047978195975,13,LES,0701
966,-4.0172640320970405,0.018002150930304456,15,LES,0701
967,-4.163349417367726,0.015555369144204235,17,LES,0701
968,-4.179355177254902,0.015308375573586315,19,LES,0701
969,-4.154141793043758,0.015699258562778484,21,LES,0701
970,-4.200660215806381,0.014985679771088743,23,LES,0701
971,-4.196474233389239,0.015048541039411154,25,LES,0701
972,-4.2207680051974945,0.014687360203281692,27,LES,0701
973,-4.241780255973559,0.014381965459198736,29,LES,0701
974,-4.260912532374182,0.014109421230157442,31,LES,0701
975,1.2718619610360051,3.5674889074723053,3,D2A,2730
976,-1.7480286839632613,0.1741168446842416,5,D2A,2730
977,-3.223918978529029,0.039798781667523875,7,D2A,2730
978,-2.9873888390951606,0.05041891689560715,9,D2A,2730
979,-3.2763974291446196,0.037764059741458376,11,D2A,2730
980,-3.3163307183995627,0.03628573034647715,13,D2A,2730
981,-3.3487089050076193,0.03512968058884004,15,D2A,2730
982,-3.3472070095987583,0.03518248133550551,17,D2A,2730
983,-3.344403430822719,0.03528125659087267,19,D2A,2730
984,-3.3426135567441757,0.03534446214562111,21,D2A,2730
985,-3.341618970962406,0.03537963273231894,23,D2A,2730
986,-3.349856175807383,0.03508940044263139,25,D2A,2730
987,-3.351341648581641,0.03503731478909677,27,D2A,2730
988,-3.3507572933411627,0.03505779501088574,29,D2A,2730
989,-3.349705799731493,0.03509467744573284,31,D2A,2730
990,1.2911180330779366,3.6368504026215187,3,LD6,3030
991,-1.3409668474434029,0.2615926261115369,5,LD6,3030
992,-2.2237609159129357,0.10820140624740619,7,LD6,3030
993,-2.749779857805692,0.06394193597551945,9,LD6,3030
994,-3.591385549968478,0.027560118036100388,11,LD6,3030
995,-3.7626822646495244,0.02322137090428715,13,LD6,3030
996,-3.7364728870846107,0.02383803446588755,15,LD6,3030
997,-4.123194371064225,0.01619270622645063,17,LD6,3030
998,-4.2338159553456265,0.0144969650936979,19,LD6,3030
999,-4.2830769645481,0.01380013416799032,21,LD6,3030
1000,-4.212169359161847,0.014814196142053735,23,LD6,3030
1001,-4.207610447144336,0.01488188693983265,25,LD6,3030
1002,-4.151999945674873,0.015732920014401897,27,LD6,3030
1003,-4.136285725964657,0.015982103309024068,29,LD6,3030
1004,-4.267114750347997,0.01402218234116134,31,LD6,3030
1005,0.6864584238734351,1.9866671265091023,3,LES,0601
1006,-1.4534289509860632,0.2337673355024171,5,LES,0601
1007,-2.240404384792131,0.10641546288233879,7,LES,0601
1008,-2.8334539215931205,0.05880937949409122,9,LES,0601
1009,-3.6328855418039256,0.026439781135734416,11,LES,0601
1010,-3.6496663341907265,0.02599980257676768,13,LES,0601
1011,-3.721701487778593,0.024192769105091074,15,LES,0601
1012,-3.7375453188622356,0.023812483503491088,17,LES,0601
1013,-3.7499798952468884,0.023518218679236272,19,LES,0601
1014,-3.7078789070264273,0.02452949747584815,21,LES,0601
1015,-3.7193120959976063,0.024250644224382247,23,LES,0601
1016,-3.673812954492128,0.025379514287379373,25,LES,0601
1017,-3.7012263385490725,0.024693225640095365,27,LES,0601
1018,-3.7076345106861064,0.02453549312788902,29,LES,0601
1019,-3.7138006771310037,0.02438466867567504,31,LES,0601
1020,0.6610350374929129,1.9367959537408332,3,SUM,1230
1021,-2.3977765878351986,0.09091988109150097,5,SUM,1230
1022,-2.2059336287727276,0.11014764027753675,7,SUM,1230
1023,-2.441689880117285,0.08701368445441207,9,SUM,1230
1024,-3.4142572380942378,0.03290083511513412,11,SUM,1230
1025,-3.4860125907523924,0.030622734426853943,13,SUM,1230
1026,-3.5470637348622196,0.02880910676047397,15,SUM,1230
1027,-3.6970837542552286,0.024795731581956724,17,SUM,1230
1028,-3.886344307696702,0.02052022471539884,19,SUM,1230
1029,-3.9186929575227425,0.019867044853249423,21,SUM,1230
1030,-3.936048823600669,0.01952521008340811,23,SUM,1230
1031,-4.150499026103868,0.015756551592072912,25,SUM,1230
1032,-4.125038831609572,0.016162866945840966,27,SUM,1230
1033,-4.361638452715764,0.012757468008189839,29,SUM,1230
1034,-4.521576010705791,0.010871875966707334,31,SUM,1230
1035,2.0453860687890746,7.7321431008734125,3,D2K,4323
1036,-0.35014811797510464,0.7045837204754553,5,D2K,4323
1037,-1.6882970980612284,0.18483401034184715,7,D2K,4323
1038,-2.033533982465656,0.13087220288115253,9,D2K,4323
1039,-2.338685785783242,0.0964543166051499,11,D2K,4323
1040,-2.413367625744342,0.08951333899606717,13,D2K,4323
1041,-2.1936210929340674,0.11151222052863352,15,D2K,4323
1042,-2.2885753315595796,0.1014108358042456,17,D2K,4323
1043,-2.396691868013438,0.09101855719700151,19,D2K,4323
1044,-2.403013368723557,0.09044499811015008,21,D2K,4323
1045,-2.4117639903365307,0.08965700091583602,23,D2K,4323
1046,-2.4313832481885465,0.08791513997811846,25,D2K,4323
1047,-2.415702244521029,0.08930460322811314,27,D2K,4323
1048,-2.4199349105053507,0.0889274055108988,29,D2K,4323
1049,-2.4337681907707833,0.08770571724702139,31,D2K,4323
