,treatment,score,dimention
0,SKF,0.7639918930191679,0
1,SKF,0.7978762063226865,1
2,SKF,0.8069581176568661,2
3,SKF,0.8138423226068827,3
4,SKF,0.8135261662565747,4
5,SKF,0.8045646612765932,5
6,SKF,0.7967036314308967,6
7,SKF,0.7951414049810223,7
8,SKF,0.7960396666432289,8
9,SKF,0.7970259874094127,9
10,SKF,0.7998134227884621,10
11,SKF,0.7997622380866687,11
12,SKF,0.8000429173477834,12
13,SKF,0.7999976355507498,13
14,SKF,0.8004623010902067,14
15,SKF,0.8003670528255304,15
16,SKF,0.7998761258095949,16
17,SKF,0.7989483891025659,17
18,SKF,0.7980010165108127,18
19,SKF,0.7975440392855478,19
20,SKF,0.7961732353529457,20
21,SKF,0.7959639798998837,21
22,SKF,0.7951986188277871,22
23,SKF,0.7948580840681301,23
24,SKF,0.7936709224256903,24
25,SKF,0.7922434254583332,25
26,SKF,0.7907008826487931,26
27,SKF,0.7896188259334121,27
28,SKF,0.7889597074949628,28
29,SKF,0.7876697363160792,29
30,SKF,0.7866833022574997,30
31,SKF,0.7859850908629847,31
32,SKF,0.7851108922148835,32
33,SKF,0.7842524543242982,33
34,SKF,0.7834603261765356,34
35,SKF,0.7824646788353968,35
36,SKF,0.7816543004080695,36
37,SKF,0.7812283442348978,37
38,SKF,0.7801422162393227,38
39,SKF,0.7796928971932844,39
40,SKF,0.7790476714050425,40
41,SKF,0.778164632218619,41
42,SKF,0.7765873878922703,42
43,SKF,0.7757593779149591,43
44,SKF,0.7751625270537315,44
45,SKF,0.774628192822459,45
46,SKF,0.7741882174329889,46
47,SKF,0.7735643152846581,47
48,SKF,0.7730938359216599,48
49,SKF,0.772125973027787,49
50,SKF,0.7712306104876537,50
51,SKF,0.7702982012664276,51
52,SKF,0.769514698808998,52
53,SKF,0.7684968811862589,53
54,SKF,0.767938859700502,54
55,SKF,0.7669363813332569,55
56,SKF,0.7661401342700007,56
57,SKF,0.7656371553013637,57
58,SKF,0.7649433709406579,58
59,SKF,0.7635697402542377,59
60,SKF,0.762133207732248,60
61,SKF,0.7618314742905157,61
62,SKF,0.7609974973169769,62
63,SKF,0.7599386852388984,63
64,SKF,0.7589257753817333,64
65,SKF,0.7582456837042046,65
66,SKF,0.7578206309861342,66
67,SKF,0.7569222650330963,67
68,D1A,,0
69,D1A,0.21440507405523712,1
70,D1A,0.3399298901340858,2
71,D1A,0.42695248990004464,3
72,D1A,0.395922687126009,4
73,D1A,0.4165073921660084,5
74,D1A,0.40435815457594804,6
75,D1A,0.38402779807787446,7
76,D1A,0.3676686152311499,8
77,D1A,0.3552128814880996,9
78,D1A,0.3495757969386949,10
79,D1A,0.3500106480577839,11
80,D1A,0.3551873285064394,12
81,D1A,0.3501795684260982,13
82,D1A,0.3413024454692445,14
83,D1A,0.33397402617213345,15
84,D1A,0.33414829050045136,16
85,D1A,0.33420168928324856,17
86,D1A,0.32039847158624724,18
87,D1A,0.31864677007875775,19
88,D1A,0.3176954755032907,20
89,D1A,0.3112393151220165,21
90,D1A,0.30516871557463277,22
91,D1A,0.3063865121937348,23
92,D1A,0.3029197337252464,24
93,D1A,0.2984565688477082,25
94,D1A,0.2969023636726109,26
95,D1A,0.296107264446136,27
96,D1A,0.29553009406664166,28
97,D1A,0.291562313867729,29
98,D1A,0.292164264039139,30
99,D1A,0.29409734325973846,31
100,D1A,0.2876635441290759,32
101,D1A,0.2848500097468235,33
102,D1A,0.28320668691788453,34
103,D1A,0.2799986626739811,35
104,D1A,0.2793538549479333,36
105,D1A,0.2767873876040391,37
106,D1A,0.2744485695502463,38
107,D1A,0.271513590394057,39
108,D1A,0.2662584323325763,40
109,D1A,0.26594281943176845,41
110,D1A,0.2598416498408036,42
111,D1A,0.25747244859386065,43
112,D1A,0.25323568309134536,44
113,D1A,0.25127049766020193,45
114,D1A,0.24859417183731236,46
115,D1A,0.24481962048736505,47
116,D1A,0.23979751166501784,48
117,D1A,0.23853496158854914,49
118,D1A,0.23723826317056151,50
119,D1A,0.23495502643001398,51
120,D1A,0.23193551870427465,52
121,D1A,0.22999256407472712,53
122,D1A,0.22790556126879857,54
123,D1A,0.22694998394121813,55
124,D1A,0.22546289365059102,56
125,D1A,0.22597247614287297,57
126,D1A,0.22482651308944812,58
127,D1A,0.22356767178343862,59
128,D1A,0.22270693998522917,60
129,D1A,0.21886579024895347,61
130,D1A,0.21455422549122782,62
131,D1A,0.21196437411008107,63
132,D1A,0.21227669869610322,64
133,D1A,0.21159416027845457,65
134,D1A,0.20684331306191706,66
135,D1A,0.20692879597477565,67
136,D2K,,0
137,D2K,-0.011710185003340312,1
138,D2K,0.01531278555592852,2
139,D2K,-0.0024321465864258762,3
140,D2K,0.009837063914036825,4
141,D2K,0.0365667157688403,5
142,D2K,0.0570887670534469,6
143,D2K,0.03154686740741819,7
144,D2K,0.03120681439851214,8
145,D2K,0.0675271866411874,9
146,D2K,0.06669228981808761,10
147,D2K,0.075366870097056,11
148,D2K,0.06299346172768217,12
149,D2K,0.06457222434312893,13
150,D2K,0.06560991425524898,14
151,D2K,0.047992448974485735,15
152,D2K,0.04873676194985166,16
153,D2K,0.033190944957859125,17
154,D2K,0.03571943419837975,18
155,D2K,0.0408524901966798,19
156,D2K,0.031213585345011507,20
157,D2K,0.04423153811689917,21
158,D2K,0.0398964896789511,22
159,D2K,0.0341983685483882,23
160,D2K,0.036080872975916556,24
161,D2K,0.02057694390876119,25
162,D2K,0.024682447972980248,26
163,D2K,0.03058863589806704,27
164,D2K,0.03199451389813324,28
165,D2K,0.027605256013525148,29
166,D2K,0.026972045349750284,30
167,D2K,0.027876874838367427,31
168,D2K,0.03541307811731609,32
169,D2K,0.041519436871062854,33
170,D2K,0.03523892836623377,34
171,D2K,0.03579594591965085,35
172,D2K,0.03372659762987984,36
173,D2K,0.028375150254136616,37
174,D2K,0.028337957799442592,38
175,D2K,0.02710764672301247,39
176,D2K,0.02170904362827264,40
177,D2K,0.023112753508630512,41
178,D2K,0.02290289322065897,42
179,D2K,0.020325281263916195,43
180,D2K,0.016667220025446405,44
181,D2K,0.017124720456594966,45
182,D2K,0.018383400778301917,46
183,D2K,0.018143528553731025,47
184,D2K,0.017459501004195466,48
185,D2K,0.017558864146687614,49
186,D2K,0.016581506002601776,50
187,D2K,0.01768394721270239,51
188,D2K,0.01867920784563748,52
189,D2K,0.01616478231993157,53
190,D2K,0.015135370566889073,54
191,D2K,0.01607387704806429,55
192,D2K,0.018105317088671247,56
193,D2K,0.02014578876748585,57
194,D2K,0.019745756375059043,58
195,D2K,0.01997092157603053,59
196,D2K,0.020688206076706295,60
197,D2K,0.023365837327945393,61
198,D2K,0.023715387753912354,62
199,D2K,0.023482343949508544,63
200,D2K,0.023144803775443035,64
201,D2K,0.024522018374427357,65
202,D2K,0.024436026632553842,66
203,D2K,0.02538322580588004,67
204,D2A,0.7144173499820358,0
205,D2A,0.7753860884277395,1
206,D2A,0.817103581275757,2
207,D2A,0.825791574180727,3
208,D2A,0.8246673332371592,4
209,D2A,0.8211546137603583,5
210,D2A,0.817756275750301,6
211,D2A,0.8223808796796842,7
212,D2A,0.8237515614183197,8
213,D2A,0.8263216808658119,9
214,D2A,0.8264067178210353,10
215,D2A,0.8276848334036443,11
216,D2A,0.8290641176072331,12
217,D2A,0.8334030732453025,13
218,D2A,0.8343372212640274,14
219,D2A,0.8349591089922921,15
220,D2A,0.8353064117700725,16
221,D2A,0.8370385306189667,17
222,D2A,0.8369228144879,18
223,D2A,0.8359951011221717,19
224,D2A,0.8352248205120227,20
225,D2A,0.8355323246987189,21
226,D2A,0.8349619613177441,22
227,D2A,0.8344308300953682,23
228,D2A,0.834141841468597,24
229,D2A,0.8345517775124124,25
230,D2A,0.8334333517533155,26
231,D2A,0.8333865779360872,27
232,D2A,0.8336159239260981,28
233,D2A,0.8332941772679991,29
234,D2A,0.8328578480397318,30
235,D2A,0.8324100924526463,31
236,D2A,0.8318247189150787,32
237,D2A,0.8313096295496393,33
238,D2A,0.8302606415295459,34
239,D2A,0.8302746028142409,35
240,D2A,0.828733642778388,36
241,D2A,0.8291401452338419,37
242,D2A,0.8290190835170282,38
243,D2A,0.8289688683810122,39
244,D2A,0.8286781590648507,40
245,D2A,0.8278791682706338,41
246,D2A,0.8271482776526322,42
247,D2A,0.8266794340442319,43
248,D2A,0.8258817757379826,44
249,D2A,0.8254726984342234,45
250,D2A,0.8245753550127672,46
251,D2A,0.8239454414848112,47
252,D2A,0.8227226248844106,48
253,D2A,0.8227963454725058,49
254,D2A,0.8221443777601178,50
255,D2A,0.8212695278079023,51
256,D2A,0.8205409896445636,52
257,D2A,0.8195585023499117,53
258,D2A,0.8194855313157097,54
259,D2A,0.8188877922039897,55
260,D2A,0.8187705032243815,56
261,D2A,0.8187314286273677,57
262,D2A,0.8182886210146966,58
263,D2A,0.8179390519411066,59
264,D2A,0.8176329839052632,60
265,D2A,0.8162944332968173,61
266,D2A,0.8159517948984789,62
267,D2A,0.8156626526412475,63
268,D2A,0.8150278975001146,64
269,D2A,0.8141306385780573,65
270,D2A,0.8139838192447907,66
271,D2A,0.8134285238828171,67
272,D1A,-0.3400877668370528,0
273,D1A,-0.09038567894784766,1
274,D1A,0.05585097004448791,2
275,D1A,0.14484976097697377,3
276,D1A,0.1536450255615739,4
277,D1A,0.13103460418279533,5
278,D1A,0.11098018699885037,6
279,D1A,0.10252827445890866,7
280,D1A,0.09497374024886951,8
281,D1A,0.10598637470282779,9
282,D1A,0.07443607683020215,10
283,D1A,0.07168621699771116,11
284,D1A,0.07164738443729524,12
285,D1A,0.07614906022635037,13
286,D1A,0.07430296821292481,14
287,D1A,0.07385957843869917,15
288,D1A,0.07909393374339613,16
289,D1A,0.06504901727543844,17
290,D1A,0.0635820219869132,18
291,D1A,0.05264411563644522,19
292,D1A,0.03609178695852577,20
293,D1A,0.03930704038557975,21
294,D1A,0.040813528879930394,22
295,D1A,0.04101231938444039,23
296,D1A,0.04204742925860827,24
297,D1A,0.040439719479843816,25
298,D1A,0.03330365677606051,26
299,D1A,0.031314604772031074,27
300,D1A,0.030672193542635173,28
301,D1A,0.033407465911786116,29
302,D1A,0.03212714584755172,30
303,D1A,0.030862287288910717,31
304,D1A,0.03260078605840888,32
305,D1A,0.034086545933577184,33
306,D1A,0.03675584178276703,34
307,D1A,0.038648312744759106,35
308,D1A,0.038400191784832116,36
309,D1A,0.039133812120760836,37
310,D1A,0.03615237733712018,38
311,D1A,0.036765119543412994,39
312,D1A,0.03727641218126865,40
313,D1A,0.03618801155693796,41
314,D1A,0.03652226933301894,42
315,D1A,0.03426150808759598,43
316,D1A,0.03247302970796462,44
317,D1A,0.037099373502246236,45
318,D1A,0.038307292043827545,46
319,D1A,0.038508518212498344,47
320,D1A,0.037700298087213424,48
321,D1A,0.03562153143017266,49
322,D1A,0.03491570994093829,50
323,D1A,0.03625908097946429,51
324,D1A,0.0354143052638638,52
325,D1A,0.03489163870820555,53
326,D1A,0.035560903407744204,54
327,D1A,0.03483790082216087,55
328,D1A,0.033025272629871094,56
329,D1A,0.03224014921821794,57
330,D1A,0.032268434393361245,58
331,D1A,0.03114048935474789,59
332,D1A,0.033779485286386746,60
333,D1A,0.03349136111814155,61
334,D1A,0.03188077298927039,62
335,D1A,0.03314048767141842,63
336,D1A,0.03250773257371986,64
337,D1A,0.03179388758771817,65
338,D1A,0.03143630618986459,66
339,D1A,0.031149603018628347,67
340,SKF,-0.12316371982477636,0
341,SKF,0.2518900278092918,1
342,SKF,0.4237968967948492,2
343,SKF,0.4070221192520018,3
344,SKF,0.4170762616570388,4
345,SKF,0.35814380704828863,5
346,SKF,0.3182340239988979,6
347,SKF,0.30442274166231664,7
348,SKF,0.29719875662846273,8
349,SKF,0.29403777497533523,9
350,SKF,0.28894902226814245,10
351,SKF,0.29263696047890564,11
352,SKF,0.2926245248200675,12
353,SKF,0.29700455010689675,13
354,SKF,0.29757715669674034,14
355,SKF,0.28919453585852706,15
356,SKF,0.286112326192804,16
357,SKF,0.2837946719211548,17
358,SKF,0.2800474536456966,18
359,SKF,0.27210976463819136,19
360,SKF,0.2717276585156815,20
361,SKF,0.2696529619351168,21
362,SKF,0.26984816240097387,22
363,SKF,0.2706929415139975,23
364,SKF,0.2673263875446099,24
365,SKF,0.2642643076325172,25
366,SKF,0.26256167018340026,26
367,SKF,0.25959400912665354,27
368,SKF,0.25699321334647307,28
369,SKF,0.25555030024360303,29
370,SKF,0.25392796447198185,30
371,SKF,0.2511527698272822,31
372,SKF,0.24901375110738488,32
373,SKF,0.249487794037209,33
374,SKF,0.24762692763310357,34
375,SKF,0.24428949879993478,35
376,SKF,0.24363888810546208,36
377,SKF,0.2416686038010828,37
378,SKF,0.238897157602736,38
379,SKF,0.2374300526897548,39
380,SKF,0.23720930325640477,40
381,SKF,0.23602348508184567,41
382,SKF,0.2359478705363326,42
383,SKF,0.2343605311068292,43
384,SKF,0.23370635729305433,44
385,SKF,0.23286482037927925,45
386,SKF,0.23224502559802396,46
387,SKF,0.23159307470316215,47
388,SKF,0.2308432383542618,48
389,SKF,0.23079056444407386,49
390,SKF,0.2298273859157559,50
391,SKF,0.22829666263152593,51
392,SKF,0.22815465075862795,52
393,SKF,0.22723442068238953,53
394,SKF,0.2255830367460684,54
395,SKF,0.22494120264325146,55
396,SKF,0.22254327388795547,56
397,SKF,0.2196198181615222,57
398,SKF,0.2179302341098306,58
399,SKF,0.2155986644903196,59
400,SKF,0.2151338363806904,60
401,SKF,0.2137076726235999,61
402,SKF,0.21209713311343514,62
403,SKF,0.2094367284324048,63
404,SKF,0.20902160623088806,64
405,SKF,0.20791481354173746,65
406,SKF,0.20732031766695902,66
407,SKF,0.2068059569176689,67
408,D1A,,0
409,D1A,-0.08593944914415363,1
410,D1A,0.10201706408543876,2
411,D1A,0.152895432478933,3
412,D1A,0.2269292031956136,4
413,D1A,0.20561080800891562,5
414,D1A,0.17623967117091655,6
415,D1A,0.16883323944877693,7
416,D1A,0.17147653096423932,8
417,D1A,0.16698947559992527,9
418,D1A,0.17382038427996305,10
419,D1A,0.18567104254444466,11
420,D1A,0.18684988917072898,12
421,D1A,0.17910594699638138,13
422,D1A,0.17107864654633398,14
423,D1A,0.16467687312404256,15
424,D1A,0.16011562665526247,16
425,D1A,0.15482281965654388,17
426,D1A,0.15070620779418442,18
427,D1A,0.1477968596411514,19
428,D1A,0.14448896105801223,20
429,D1A,0.1426676924814616,21
430,D1A,0.13830856510325729,22
431,D1A,0.1337784496341462,23
432,D1A,0.12935442460676594,24
433,D1A,0.12455097631427425,25
434,D1A,0.1192991120168495,26
435,D1A,0.11514843623043236,27
436,D1A,0.11419392507312853,28
437,D1A,0.1123977168661413,29
438,D1A,0.10819721821613437,30
439,D1A,0.10663385620588162,31
440,D1A,0.1035670136988186,32
441,D1A,0.10210120932648936,33
442,D1A,0.0995002297792904,34
443,D1A,0.09649953937409839,35
444,D1A,0.09600743115337773,36
445,D1A,0.09537484086574066,37
446,D1A,0.09460671959537637,38
447,D1A,0.09419110907631889,39
448,D1A,0.09131842216019659,40
449,D1A,0.08848725366518084,41
450,D1A,0.0866835533515733,42
451,D1A,0.08448855576542902,43
452,D1A,0.08214669993667134,44
453,D1A,0.08190707887456883,45
454,D1A,0.07998992551547701,46
455,D1A,0.07916124590460549,47
456,D1A,0.07883220789825851,48
457,D1A,0.07668014343644913,49
458,D1A,0.0746661038951737,50
459,D1A,0.07264531072829694,51
460,D1A,0.07003580809824406,52
461,D1A,0.07154655318713077,53
462,D1A,0.07079683847830187,54
463,D1A,0.07064876002856546,55
464,D1A,0.06942535532540683,56
465,D1A,0.06895162781434139,57
466,D1A,0.06675115634204343,58
467,D1A,0.06635692093087497,59
468,D1A,0.06471900396169494,60
469,D1A,0.06348464601006254,61
470,D1A,0.062091370460921835,62
471,D1A,0.06313226798816007,63
472,D1A,0.0613417731865431,64
473,D1A,0.06044841995542227,65
474,D1A,0.061058951272780604,66
475,D1A,0.059914190880383966,67
476,D2K,,0
477,D2K,0.20331311914752404,1
478,D2K,0.3326430791319296,2
479,D2K,0.3115889001341311,3
480,D2K,0.26189650682169474,4
481,D2K,0.21820864942712692,5
482,D2K,0.19731624062072395,6
483,D2K,0.21308689096416333,7
484,D2K,0.19343893055508876,8
485,D2K,0.19086282760045625,9
486,D2K,0.19417501469188692,10
487,D2K,0.18516442924392806,11
488,D2K,0.19380833106600537,12
489,D2K,0.19866993438122205,13
490,D2K,0.1989152743452678,14
491,D2K,0.20123322757549933,15
492,D2K,0.21390029894738205,16
493,D2K,0.20985975603390428,17
494,D2K,0.214002047222415,18
495,D2K,0.2067085785488446,19
496,D2K,0.2214064779797592,20
497,D2K,0.22402337531079197,21
498,D2K,0.22509039584447554,22
499,D2K,0.19731183124010332,23
500,D2K,0.19952663610637578,24
501,D2K,0.20491723670584927,25
502,D2K,0.2075564810066466,26
503,D2K,0.20932228111295847,27
504,D2K,0.21071623734931644,28
505,D2K,0.21068154392281124,29
506,D2K,0.21159946171025645,30
507,D2K,0.21048283365064357,31
508,D2K,0.21120115641341375,32
509,D2K,0.2117168094752565,33
510,D2K,0.21121379005394703,34
511,D2K,0.21050201202494523,35
512,D2K,0.20946048330486966,36
513,D2K,0.2086822395200706,37
514,D2K,0.20850272200395903,38
515,D2K,0.20302381390400892,39
516,D2K,0.20322180553033564,40
517,D2K,0.2025697469117118,41
518,D2K,0.20456051781334328,42
519,D2K,0.20855007662197844,43
520,D2K,0.2086372222904379,44
521,D2K,0.20870262611462242,45
522,D2K,0.20718470751667872,46
523,D2K,0.20574629566980562,47
524,D2K,0.20526307921835174,48
525,D2K,0.20622834657260347,49
526,D2K,0.20550484318798656,50
527,D2K,0.20556418844338176,51
528,D2K,0.20551959704789935,52
529,D2K,0.20632002262536375,53
530,D2K,0.20614954409725483,54
531,D2K,0.204122598365568,55
532,D2K,0.20772102074148135,56
533,D2K,0.21535567261812627,57
534,D2K,0.2156176820783896,58
535,D2K,0.22302962479986632,59
536,D2K,0.22445134091562036,60
537,D2K,0.22512839539052276,61
538,D2K,0.22547713359871524,62
539,D2K,0.22871303254256858,63
540,D2K,0.22978081238037396,64
541,D2K,0.22960780685801707,65
542,D2K,0.23133093023493834,66
543,D2K,0.23064959427388965,67
544,LID,-0.06001025006871785,0
545,LID,0.20599638185992608,1
546,LID,0.21876254735541656,2
547,LID,0.27241888139914006,3
548,LID,0.30842025264019823,4
549,LID,0.36778943398426833,5
550,LID,0.38668407060173804,6
551,LID,0.426472331064757,7
552,LID,0.43325512639961505,8
553,LID,0.43636306478365616,9
554,LID,0.4429694124435044,10
555,LID,0.4416858187959197,11
556,LID,0.43749483945932266,12
557,LID,0.4410386096640384,13
558,LID,0.4449081754716624,14
559,LID,0.44210801802588373,15
560,LID,0.4439223124651219,16
561,LID,0.44285198091709876,17
562,LID,0.44150947977963384,18
563,LID,0.4374928594077797,19
564,LID,0.4338973062761432,20
565,LID,0.4322850692057655,21
566,LID,0.4345251178100801,22
567,LID,0.4311834358928427,23
568,LID,0.43041558657826084,24
569,LID,0.42767424141513,25
570,LID,0.4268595333369498,26
571,LID,0.4269844353780693,27
572,LID,0.422811718190911,28
573,LID,0.418704555589568,29
574,LID,0.41856204346482306,30
575,LID,0.41577166595333037,31
576,LID,0.40804979133340336,32
577,LID,0.40644094989804,33
578,LID,0.40464138401512295,34
579,LID,0.40284993869478847,35
580,LID,0.40134873615162703,36
581,LID,0.3998518740251574,37
582,LID,0.39831725813756746,38
583,LID,0.3955130161600856,39
584,LID,0.39268743037260645,40
585,LID,0.3895132120866387,41
586,LID,0.38532873056073647,42
587,LID,0.38414886554570826,43
588,LID,0.37951234049530147,44
589,LID,0.3775166157127767,45
590,LID,0.37249325827585034,46
591,LID,0.3707018273429561,47
592,LID,0.3692209771138474,48
593,LID,0.36726486953059057,49
594,LID,0.3607271353538959,50
595,LID,0.3585028235146528,51
596,LID,0.3561254198505488,52
597,LID,0.3543496569769852,53
598,LID,0.352611002365936,54
599,LID,0.35153081230193395,55
600,LID,0.3440967903404921,56
601,LID,0.34085137507674956,57
602,LID,0.33926346626922343,58
603,LID,0.33693691961543093,59
604,LID,0.33546643383894903,60
605,LID,0.3360264443560744,61
606,LID,0.3344997819123465,62
607,LID,0.33327001480992124,63
608,LID,0.33160847566406326,64
609,LID,0.32862592778010613,65
610,LID,0.3266021244124616,66
611,LID,0.3240127332059016,67
612,SUM,0.40706518571475614,0
613,SUM,0.5366480271014151,1
614,SUM,0.6382202580229054,2
615,SUM,0.6568255905534512,3
616,SUM,0.6482721194307595,4
617,SUM,0.6240081945660505,5
618,SUM,0.6251091099652595,6
619,SUM,0.627282661910693,7
620,SUM,0.6268891063348427,8
621,SUM,0.6248976056737416,9
622,SUM,0.6270106738316024,10
623,SUM,0.6238347432260505,11
624,SUM,0.6223820057032354,12
625,SUM,0.6228808754831292,13
626,SUM,0.6220393597965396,14
627,SUM,0.6209159856041178,15
628,SUM,0.6213567898308535,16
629,SUM,0.619792424201143,17
630,SUM,0.6177497984586696,18
631,SUM,0.6194164943317289,19
632,SUM,0.6201540277661226,20
633,SUM,0.619726437258036,21
634,SUM,0.619537773385088,22
635,SUM,0.6176117731047758,23
636,SUM,0.6163564988651986,24
637,SUM,0.6158104661504238,25
638,SUM,0.6157395655624941,26
639,SUM,0.6163912679620381,27
640,SUM,0.6178230060772827,28
641,SUM,0.6189406684646238,29
642,SUM,0.6194094862066255,30
643,SUM,0.6192665479917204,31
644,SUM,0.6193845705969092,32
645,SUM,0.6187610855946923,33
646,SUM,0.6185370915815642,34
647,SUM,0.6174761303008014,35
648,SUM,0.6182816647366701,36
649,SUM,0.6185534740593703,37
650,SUM,0.6173336783371,38
651,SUM,0.6172130139246658,39
652,SUM,0.6172824698933643,40
653,SUM,0.6169587573179208,41
654,SUM,0.617587052885316,42
655,SUM,0.6163749100900767,43
656,SUM,0.6161324420060894,44
657,SUM,0.6161667720272478,45
658,SUM,0.6162196778171777,46
659,SUM,0.6156053284410321,47
660,SUM,0.6148240394166544,48
661,SUM,0.615207415481832,49
662,SUM,0.6150362267631937,50
663,SUM,0.6146416355554452,51
664,SUM,0.6142924117443751,52
665,SUM,0.6138090847626461,53
666,SUM,0.6138969823093423,54
667,SUM,0.6142202207914056,55
668,SUM,0.6141605870915019,56
669,SUM,0.6143224397726538,57
670,SUM,0.6143209059317636,58
671,SUM,0.6138344445265206,59
672,SUM,0.6134084864766267,60
673,SUM,0.6134886547918574,61
674,SUM,0.6129983273953383,62
675,SUM,0.6128065380483236,63
676,SUM,0.6132198583820911,64
677,SUM,0.6125527631262591,65
678,SUM,0.6125739487815671,66
679,SUM,0.6110697837122272,67
680,D2K,,0
681,D2K,-0.655522696586397,1
682,D2K,-0.38324741253909256,2
683,D2K,-0.2777967860824335,3
684,D2K,-0.14978650352013578,4
685,D2K,-0.11470022342672048,5
686,D2K,-0.12030788084002864,6
687,D2K,-0.06418349514965183,7
688,D2K,-0.06077204910945788,8
689,D2K,-0.05533940004494564,9
690,D2K,-0.045678581072110536,10
691,D2K,-0.04748525247297586,11
692,D2K,-0.04005973858617229,12
693,D2K,-0.02675864174085918,13
694,D2K,-0.026448961657172143,14
695,D2K,-0.021235584044822176,15
696,D2K,-0.018440713042458867,16
697,D2K,-0.009334778416443479,17
698,D2K,-0.010776144559338174,18
699,D2K,0.004359831185685392,19
700,D2K,0.013027693148587094,20
701,D2K,0.01739956156904887,21
702,D2K,0.014130416881257268,22
703,D2K,0.015968620439330894,23
704,D2K,0.016364499437633295,24
705,D2K,0.02156191622370074,25
706,D2K,0.02176993428562468,26
707,D2K,0.02640867821463444,27
708,D2K,0.029041273175326676,28
709,D2K,0.03497634104032066,29
710,D2K,0.03983702176768655,30
711,D2K,0.039466638886966,31
712,D2K,0.043098672755373046,32
713,D2K,0.050919233690965515,33
714,D2K,0.05426186936082367,34
715,D2K,0.05609570814151965,35
716,D2K,0.056560090940850904,36
717,D2K,0.05808974786428378,37
718,D2K,0.061733523335663065,38
719,D2K,0.06390903790517866,39
720,D2K,0.06668089897769214,40
721,D2K,0.06630231202221237,41
722,D2K,0.062328580902334396,42
723,D2K,0.056799142435277616,43
724,D2K,0.057297583607766045,44
725,D2K,0.05759893225010693,45
726,D2K,0.044415825406817655,46
727,D2K,0.044389424571230074,47
728,D2K,0.05043713940825023,48
729,D2K,0.04919676605288481,49
730,D2K,0.04762205435646227,50
731,D2K,0.049971104868177574,51
732,D2K,0.040471972060893924,52
733,D2K,0.0399339779225647,53
734,D2K,0.04336593855686377,54
735,D2K,0.04085789543452123,55
736,D2K,0.04422738844576746,56
737,D2K,0.0396265497393814,57
738,D2K,0.038597547839740565,58
739,D2K,0.04006683003377154,59
740,D2K,0.04079538238047786,60
741,D2K,0.04111238315622978,61
742,D2K,0.04149479346363327,62
743,D2K,0.04199266174522598,63
744,D2K,0.0451345625769668,64
745,D2K,0.04685575805634601,65
746,D2K,0.045638545888707416,66
747,D2K,0.046128626666225525,67
748,SKF,0.9365149173879251,0
749,SKF,0.9542949422598899,1
750,SKF,0.9591289230871177,2
751,SKF,0.9607403261359457,3
752,SKF,0.9607804090926579,4
753,SKF,0.9612641910449502,5
754,SKF,0.9595711059022352,6
755,SKF,0.9597416046011589,7
756,SKF,0.9604306555459969,8
757,SKF,0.9615856397483058,9
758,SKF,0.9612118595079693,10
759,SKF,0.9609840860730348,11
760,SKF,0.9616479094865742,12
761,SKF,0.9619564231771836,13
762,SKF,0.9619410362552265,14
763,SKF,0.9617982190383844,15
764,SKF,0.9615385569846071,16
765,SKF,0.9612853019715647,17
766,SKF,0.9610877612810883,18
767,SKF,0.96101761061907,19
768,SKF,0.9607319575698039,20
769,SKF,0.9606922853740428,21
770,SKF,0.9606416354943229,22
771,SKF,0.9606509898235164,23
772,SKF,0.9603963297061778,24
773,SKF,0.9601465521702406,25
774,SKF,0.9600571195669921,26
775,SKF,0.9597267934969635,27
776,SKF,0.9596637261929741,28
777,SKF,0.9596682928164999,29
778,SKF,0.9597189297195702,30
779,SKF,0.9596636633808877,31
780,SKF,0.9596255789498713,32
781,SKF,0.9594327466517584,33
782,SKF,0.959436141343413,34
783,SKF,0.9593581370091347,35
784,SKF,0.9590402984685082,36
785,SKF,0.958757176162657,37
786,SKF,0.9584376000151209,38
787,SKF,0.9581790678037846,39
788,SKF,0.9580737106893596,40
789,SKF,0.9577923350850934,41
790,SKF,0.9575710935110227,42
791,SKF,0.9574608078012863,43
792,SKF,0.9572249001179851,44
793,SKF,0.9571062184503282,45
794,SKF,0.9568513225542529,46
795,SKF,0.9566255776746917,47
796,SKF,0.9565348860380769,48
797,SKF,0.9564006194053833,49
798,SKF,0.9561681014407579,50
799,SKF,0.9558739190559361,51
800,SKF,0.9556190016327801,52
801,SKF,0.9552813897028987,53
802,SKF,0.9550901007097015,54
803,SKF,0.9549351025971256,55
804,SKF,0.9546465551129681,56
805,SKF,0.9542233745054808,57
806,SKF,0.9539670765018932,58
807,SKF,0.9537787082678058,59
808,SKF,0.953494918678523,60
809,SKF,0.9533011643682464,61
810,SKF,0.9532057958158823,62
811,SKF,0.9530107894080566,63
812,SKF,0.9528452105699488,64
813,SKF,0.9526528076730751,65
814,SKF,0.9525159219768586,66
815,SKF,0.9524730523664479,67
816,LID,,0
817,LID,0.5865612612198451,1
818,LID,0.5657053529153657,2
819,LID,0.5427892852219294,3
820,LID,0.5436027960262613,4
821,LID,0.5325348505132863,5
822,LID,0.49607411910080057,6
823,LID,0.48069403591717297,7
824,LID,0.47618291094587806,8
825,LID,0.47069119118093017,9
826,LID,0.4730094704057991,10
827,LID,0.47895006020056463,11
828,LID,0.47983743559468583,12
829,LID,0.4788812970442988,13
830,LID,0.4746987991222267,14
831,LID,0.4705492008902562,15
832,LID,0.4659778926768313,16
833,LID,0.46255085462312573,17
834,LID,0.45438508913480824,18
835,LID,0.45658041988368525,19
836,LID,0.45417613242758537,20
837,LID,0.4519854732258515,21
838,LID,0.4506609813477026,22
839,LID,0.44779831791694924,23
840,LID,0.44499936227705905,24
841,LID,0.4413848761148671,25
842,LID,0.4357945177444832,26
843,LID,0.4308397040886547,27
844,LID,0.4273340074878966,28
845,LID,0.4241776688892146,29
846,LID,0.42250151244969736,30
847,LID,0.41968635489249584,31
848,LID,0.4150972117420362,32
849,LID,0.4130552914831769,33
850,LID,0.41136953282938693,34
851,LID,0.40871938858650436,35
852,LID,0.4055745180816749,36
853,LID,0.40252935141142143,37
854,LID,0.40021079421532646,38
855,LID,0.39783123591710967,39
856,LID,0.3952757378719468,40
857,LID,0.39159221382834875,41
858,LID,0.38764944411026336,42
859,LID,0.3851738191542148,43
860,LID,0.3837183886543475,44
861,LID,0.38186477781258565,45
862,LID,0.37873392279678053,46
863,LID,0.37659203453740764,47
864,LID,0.37355546213240187,48
865,LID,0.37117957181736094,49
866,LID,0.36796032556260916,50
867,LID,0.3627925778899448,51
868,LID,0.35981853090070215,52
869,LID,0.35793141050553323,53
870,LID,0.35587661088986666,54
871,LID,0.3522969021450916,55
872,LID,0.3481029827848572,56
873,LID,0.34594649442060055,57
874,LID,0.34311104811904836,58
875,LID,0.340296575266132,59
876,LID,0.3388389706568309,60
877,LID,0.33581741138164156,61
878,LID,0.33399005492177325,62
879,LID,0.332297299048417,63
880,LID,0.33086593505502604,64
881,LID,0.32981390821951173,65
882,LID,0.3277191706727779,66
883,LID,0.32554255901928353,67
884,LID,,0
885,LID,0.30918120654999026,1
886,LID,0.3351692904596132,2
887,LID,0.38458600151457334,3
888,LID,0.37137192660674767,4
889,LID,0.3687304234843086,5
890,LID,0.3486450933494244,6
891,LID,0.36123283574028087,7
892,LID,0.3669759015373957,8
893,LID,0.3631414354641712,9
894,LID,0.3608216399269687,10
895,LID,0.3599902766914962,11
896,LID,0.36810101773772164,12
897,LID,0.36967558969281133,13
898,LID,0.36659740323055956,14
899,LID,0.3666538156289295,15
900,LID,0.3675052960395452,16
901,LID,0.36937148178907653,17
902,LID,0.3706335405407958,18
903,LID,0.3690705813241001,19
904,LID,0.36941914386017716,20
905,LID,0.36654601999340497,21
906,LID,0.3667749301290003,22
907,LID,0.3688314744642375,23
908,LID,0.3670921505416682,24
909,LID,0.36994933325899304,25
910,LID,0.36540702796027913,26
911,LID,0.3666276822183202,27
912,LID,0.3734030476383451,28
913,LID,0.3670940019819048,29
914,LID,0.367904085342464,30
915,LID,0.3647678836098669,31
916,LID,0.36679301314837287,32
917,LID,0.3672260998661562,33
918,LID,0.3615084740273775,34
919,LID,0.35816650303449227,35
920,LID,0.34411451811902116,36
921,LID,0.3405769148123472,37
922,LID,0.33784082448218755,38
923,LID,0.3376166484402623,39
924,LID,0.3380143823921288,40
925,LID,0.33849967268825354,41
926,LID,0.3382620067226658,42
927,LID,0.3376612631439333,43
928,LID,0.3383027717408933,44
929,LID,0.33501985707401494,45
930,LID,0.33753015476903925,46
931,LID,0.33717140916830424,47
932,LID,0.3431413165050381,48
933,LID,0.3445364649165751,49
934,LID,0.3455593648282106,50
935,LID,0.34807752187958874,51
936,LID,0.35536104049746353,52
937,LID,0.35528423665371967,53
938,LID,0.3560476917348012,54
939,LID,0.35855959018394057,55
940,LID,0.35666752505516164,56
941,LID,0.3568659076094689,57
942,LID,0.35480403511810965,58
943,LID,0.3557989818926047,59
944,LID,0.35528752406038233,60
945,LID,0.35676068100890257,61
946,LID,0.35669568246252326,62
947,LID,0.3566425499418433,63
948,LID,0.357896544048549,64
949,LID,0.356596093645544,65
950,LID,0.35924933458715114,66
951,LID,0.3613237113741753,67
952,LID,0.3749341919036273,0
953,LID,0.5102160768124309,1
954,LID,0.5099547740938875,2
955,LID,0.5212321127478337,3
956,LID,0.5472090948653126,4
957,LID,0.5421550595485929,5
958,LID,0.5486674054240445,6
959,LID,0.5455825315480887,7
960,LID,0.5407472892061664,8
961,LID,0.5455286650147275,9
962,LID,0.5465194485195792,10
963,LID,0.5452014144780619,11
964,LID,0.545067886610386,12
965,LID,0.5455474031584704,13
966,LID,0.545235561429726,14
967,LID,0.5466017187275624,15
968,LID,0.5386713022423448,16
969,LID,0.5401866659583499,17
970,LID,0.5377626290237715,18
971,LID,0.5340157250901849,19
972,LID,0.5361702759989825,20
973,LID,0.5355893785533773,21
974,LID,0.5303727477135083,22
975,LID,0.5266544696808086,23
976,LID,0.5265455040303344,24
977,LID,0.5251019633737481,25
978,LID,0.5254959660275249,26
979,LID,0.5232621589763788,27
980,LID,0.5231671154275885,28
981,LID,0.5230582390571938,29
982,LID,0.5238776660451816,30
983,LID,0.5230317629542188,31
984,LID,0.5223894029650109,32
985,LID,0.5220503259189588,33
986,LID,0.5178161701970518,34
987,LID,0.5151621659435515,35
988,LID,0.5121475973443665,36
989,LID,0.5135855160024936,37
990,LID,0.5124390291227541,38
991,LID,0.5115732979152827,39
992,LID,0.5131064227492943,40
993,LID,0.5126881358310511,41
994,LID,0.5139661726894413,42
995,LID,0.5142873171461012,43
996,LID,0.5141840743407826,44
997,LID,0.515418340260137,45
998,LID,0.5150801649010647,46
999,LID,0.5140118244636012,47
1000,LID,0.5136742720830976,48
1001,LID,0.5143856247063491,49
1002,LID,0.5146764162962314,50
1003,LID,0.5148259169424219,51
1004,LID,0.5145834177053079,52
1005,LID,0.5128414498018734,53
1006,LID,0.5123856315859967,54
1007,LID,0.5114053301194309,55
1008,LID,0.5107413143094868,56
1009,LID,0.509930286740222,57
1010,LID,0.5104680639972252,58
1011,LID,0.5088724695558824,59
1012,LID,0.5064630460086633,60
1013,LID,0.5057818032509411,61
1014,LID,0.5054610633534844,62
1015,LID,0.5050784164037176,63
1016,LID,0.5046181215096042,64
1017,LID,0.5042396809732554,65
1018,LID,0.5026508370866345,66
1019,LID,0.5022500333624966,67
1020,SUM,-0.8062872087200075,0
1021,SUM,-0.30940867102510694,1
1022,SUM,-0.11126379457853641,2
1023,SUM,0.0353039980977925,3
1024,SUM,0.11774050498822841,4
1025,SUM,0.10659722483124767,5
1026,SUM,0.1179042114024772,6
1027,SUM,0.10449002361900284,7
1028,SUM,0.11466977749638663,8
1029,SUM,0.1200275535394727,9
1030,SUM,0.11417253193624377,10
1031,SUM,0.12430401981537298,11
1032,SUM,0.11944037126535512,12
1033,SUM,0.11058875284113245,13
1034,SUM,0.11146060898228838,14
1035,SUM,0.11320266712400551,15
1036,SUM,0.11029074429466967,16
1037,SUM,0.11274724486389898,17
1038,SUM,0.11269630802209296,18
1039,SUM,0.11106432191143467,19
1040,SUM,0.110236945802211,20
1041,SUM,0.10988403057788865,21
1042,SUM,0.1075193942763184,22
1043,SUM,0.10681046108756176,23
1044,SUM,0.10717582925038305,24
1045,SUM,0.09793613241756305,25
1046,SUM,0.09572747594660014,26
1047,SUM,0.09879582888419991,27
1048,SUM,0.09658884469568896,28
1049,SUM,0.09743971349963199,29
1050,SUM,0.09737709239807102,30
1051,SUM,0.09754388501903422,31
1052,SUM,0.09752052238571196,32
1053,SUM,0.09312959046501179,33
1054,SUM,0.09246949318446929,34
1055,SUM,0.09462257480768432,35
1056,SUM,0.09478875245544305,36
1057,SUM,0.09521263459827112,37
1058,SUM,0.09318010054691428,38
1059,SUM,0.09376194750246514,39
1060,SUM,0.09075422397142063,40
1061,SUM,0.08848001544900475,41
1062,SUM,0.08760307959589697,42
1063,SUM,0.08945392942427155,43
1064,SUM,0.09273934944860185,44
1065,SUM,0.09366955829257062,45
1066,SUM,0.09246281543664392,46
1067,SUM,0.09282197155276295,47
1068,SUM,0.0917628629536229,48
1069,SUM,0.09297644832671514,49
1070,SUM,0.09133306076166081,50
1071,SUM,0.09001345349791001,51
1072,SUM,0.08917865164302452,52
1073,SUM,0.08831535576576455,53
1074,SUM,0.08922574393396931,54
1075,SUM,0.08968307459064206,55
1076,SUM,0.09001158253394126,56
1077,SUM,0.08823387455010079,57
1078,SUM,0.08845051194207654,58
1079,SUM,0.08690015298571463,59
1080,SUM,0.08529087441338612,60
1081,SUM,0.08347297802501608,61
1082,SUM,0.08337134481881292,62
1083,SUM,0.08405147152901438,63
1084,SUM,0.08544104659379748,64
1085,SUM,0.08502782122055108,65
1086,SUM,0.08417537417608256,66
1087,SUM,0.08396385000385231,67
1088,D2K,,0
1089,D2K,0.04806229442387844,1
1090,D2K,0.13271421702754127,2
1091,D2K,0.1473694119758754,3
1092,D2K,0.11520155370767626,4
1093,D2K,0.059526440790917956,5
1094,D2K,0.02563771339416887,6
1095,D2K,0.03405788112602803,7
1096,D2K,0.0018756584211266913,8
1097,D2K,0.001122069825276184,9
1098,D2K,0.014911227671160487,10
1099,D2K,0.016785370948715017,11
1100,D2K,0.017881238909735364,12
1101,D2K,0.014580753583212647,13
1102,D2K,0.01868754910534387,14
1103,D2K,0.0690434740566993,15
1104,D2K,0.08910152632203117,16
1105,D2K,0.09019768803086126,17
1106,D2K,0.09680395465237301,18
1107,D2K,0.08409261599873896,19
1108,D2K,0.09638266235768367,20
1109,D2K,0.1122410075361272,21
1110,D2K,0.11222783705824058,22
1111,D2K,0.11279838543477672,23
1112,D2K,0.12442812822251037,24
1113,D2K,0.12935285063083146,25
1114,D2K,0.13178029318598317,26
1115,D2K,0.1313160096432383,27
1116,D2K,0.13930881525137673,28
1117,D2K,0.14887591435511216,29
1118,D2K,0.16508239795150426,30
1119,D2K,0.1695317153509407,31
1120,D2K,0.18494646502323908,32
1121,D2K,0.18704061003907035,33
1122,D2K,0.19440668402226657,34
1123,D2K,0.20895510667302009,35
1124,D2K,0.2158724720895424,36
1125,D2K,0.20906958624047955,37
1126,D2K,0.219008855447695,38
1127,D2K,0.22120658322827036,39
1128,D2K,0.206738061720098,40
1129,D2K,0.16390826079924836,41
1130,D2K,0.16156513927927407,42
1131,D2K,0.1262613509202989,43
1132,D2K,0.11085636324571124,44
1133,D2K,0.11451009491611819,45
1134,D2K,0.11067797831733384,46
1135,D2K,0.1037025237036604,47
1136,D2K,0.10211746115231735,48
1137,D2K,0.09955736843425744,49
1138,D2K,0.09814317863866773,50
1139,D2K,0.09640784512365486,51
1140,D2K,0.09412707288131528,52
1141,D2K,0.08772878176505317,53
1142,D2K,0.08985033696327938,54
1143,D2K,0.08348063549338314,55
1144,D2K,0.07274485949640253,56
1145,D2K,0.06726701678509228,57
1146,D2K,0.05988401449920966,58
1147,D2K,0.06143179980056224,59
1148,D2K,0.059732901793797644,60
1149,D2K,0.053705085530014296,61
1150,D2K,0.054278519911043155,62
1151,D2K,0.054266081627510454,63
1152,D2K,0.05443008486270351,64
1153,D2K,0.05317442875961209,65
1154,D2K,0.05504188203588789,66
1155,D2K,0.04902169061803208,67
1156,D1A,,0
1157,D1A,0.32488476252225995,1
1158,D1A,0.32203117561831296,2
1159,D1A,0.4324741814322961,3
1160,D1A,0.3955923203416766,4
1161,D1A,0.37887120085107706,5
1162,D1A,0.38636858036710253,6
1163,D1A,0.3630263568463107,7
1164,D1A,0.3728413098481219,8
1165,D1A,0.3943565832901711,9
1166,D1A,0.38370258057619233,10
1167,D1A,0.3717285198909184,11
1168,D1A,0.36442095795007,12
1169,D1A,0.3560534060482273,13
1170,D1A,0.3561480175351761,14
1171,D1A,0.35347571446096293,15
1172,D1A,0.34862431211792455,16
1173,D1A,0.3510378707906744,17
1174,D1A,0.3486187256053296,18
1175,D1A,0.3446151111774942,19
1176,D1A,0.3396280669818371,20
1177,D1A,0.34488554655772496,21
1178,D1A,0.34481399916068434,22
1179,D1A,0.33999525578043743,23
1180,D1A,0.3382469656753294,24
1181,D1A,0.3369146698717729,25
1182,D1A,0.33474785010844244,26
1183,D1A,0.33517767472855087,27
1184,D1A,0.3323872841211497,28
1185,D1A,0.33297960002184,29
1186,D1A,0.33079251313729396,30
1187,D1A,0.3304635900201538,31
1188,D1A,0.3301958269713352,32
1189,D1A,0.33174824892036225,33
1190,D1A,0.3317342813594196,34
1191,D1A,0.33383234622322433,35
1192,D1A,0.3309176887085833,36
1193,D1A,0.3349502533817392,37
1194,D1A,0.3383268575669657,38
1195,D1A,0.3383884720386763,39
1196,D1A,0.34093979697527443,40
1197,D1A,0.3404281899075774,41
1198,D1A,0.34138002471969875,42
1199,D1A,0.34392568062983286,43
1200,D1A,0.3450362683167405,44
1201,D1A,0.3456423394832503,45
1202,D1A,0.3448903486826348,46
1203,D1A,0.34699980971791544,47
1204,D1A,0.3479308190880893,48
1205,D1A,0.3502677510376717,49
1206,D1A,0.35155323029815877,50
1207,D1A,0.35160593262338924,51
1208,D1A,0.35064850013056714,52
1209,D1A,0.35172209674606847,53
1210,D1A,0.35109563317375814,54
1211,D1A,0.34935025149178733,55
1212,D1A,0.34939040539806576,56
1213,D1A,0.3492624257605482,57
1214,D1A,0.34800097488484083,58
1215,D1A,0.35059384762392864,59
1216,D1A,0.34986486729521726,60
1217,D1A,0.35004601597475304,61
1218,D1A,0.3506075356210072,62
1219,D1A,0.35095756098631925,63
1220,D1A,0.3515289095799322,64
1221,D1A,0.35183476013727355,65
1222,D1A,0.3494357817027496,66
1223,D1A,0.346722422694021,67
1224,D2A,0.40629620075228556,0
1225,D2A,0.6259958521414124,1
1226,D2A,0.6754381621489125,2
1227,D2A,0.7324446552568896,3
1228,D2A,0.757102825681807,4
1229,D2A,0.7622283398490921,5
1230,D2A,0.7694660204877906,6
1231,D2A,0.7747398175814152,7
1232,D2A,0.774183373081223,8
1233,D2A,0.7775892160700244,9
1234,D2A,0.7801448001459655,10
1235,D2A,0.7832670490150078,11
1236,D2A,0.786751163169593,12
1237,D2A,0.789670554321922,13
1238,D2A,0.7916268161492831,14
1239,D2A,0.7953314371855997,15
1240,D2A,0.7966079662487958,16
1241,D2A,0.7985644419466309,17
1242,D2A,0.7982119814243398,18
1243,D2A,0.7998764853383197,19
1244,D2A,0.7987525970853467,20
1245,D2A,0.7968765073707675,21
1246,D2A,0.7983098964518699,22
1247,D2A,0.7964632927082951,23
1248,D2A,0.7970601016293679,24
1249,D2A,0.7967103102220565,25
1250,D2A,0.7954069547545317,26
1251,D2A,0.7961216455566644,27
1252,D2A,0.7972413287643237,28
1253,D2A,0.7975461122633958,29
1254,D2A,0.7970800829328878,30
1255,D2A,0.7967165832468248,31
1256,D2A,0.796358147691807,32
1257,D2A,0.7954638965196773,33
1258,D2A,0.7946748410863698,34
1259,D2A,0.7944737732550979,35
1260,D2A,0.7945601972121588,36
1261,D2A,0.7951152038767703,37
1262,D2A,0.7948256930403385,38
1263,D2A,0.7947735367809863,39
1264,D2A,0.7938025080656965,40
1265,D2A,0.7934281687863738,41
1266,D2A,0.7934026728878371,42
1267,D2A,0.7934178912396685,43
1268,D2A,0.7931458765216007,44
1269,D2A,0.7927309849424247,45
1270,D2A,0.7920956012762357,46
1271,D2A,0.7917316077479486,47
1272,D2A,0.790663339331984,48
1273,D2A,0.7890519838546293,49
1274,D2A,0.7884018109908555,50
1275,D2A,0.7876180289511407,51
1276,D2A,0.7862407087840918,52
1277,D2A,0.7860419942385142,53
1278,D2A,0.7855578060704522,54
1279,D2A,0.7849625587455993,55
1280,D2A,0.7844329564398426,56
1281,D2A,0.7844986124802155,57
1282,D2A,0.784371720889178,58
1283,D2A,0.7831346392636895,59
1284,D2A,0.7820405996853738,60
1285,D2A,0.780581650712522,61
1286,D2A,0.7799307594693096,62
1287,D2A,0.7796059785827887,63
1288,D2A,0.7794372756725969,64
1289,D2A,0.778933394130908,65
1290,D2A,0.7780730605528534,66
1291,D2A,0.7775026770413807,67
1292,SUM,0.20788724128912694,0
1293,SUM,0.35501786515150024,1
1294,SUM,0.2548497838410434,2
1295,SUM,0.27114814969407475,3
1296,SUM,0.2595135054700931,4
1297,SUM,0.25823835135219986,5
1298,SUM,0.2684731108365451,6
1299,SUM,0.2819897121296787,7
1300,SUM,0.28752102134592106,8
1301,SUM,0.29859627196971306,9
1302,SUM,0.3028729341345774,10
1303,SUM,0.30945732069132537,11
1304,SUM,0.31274375172637126,12
1305,SUM,0.3128947911907086,13
1306,SUM,0.3120803543454378,14
1307,SUM,0.3116388602087523,15
1308,SUM,0.31104418865217476,16
1309,SUM,0.31141111742331096,17
1310,SUM,0.3087276682021375,18
1311,SUM,0.30664572675129464,19
1312,SUM,0.3055815688223159,20
1313,SUM,0.30583039789945854,21
1314,SUM,0.3029648436863078,22
1315,SUM,0.30144178227525287,23
1316,SUM,0.30147781939901064,24
1317,SUM,0.3008704380518694,25
1318,SUM,0.30052122814041216,26
1319,SUM,0.2994256503751924,27
1320,SUM,0.299649490883551,28
1321,SUM,0.29619147069707297,29
1322,SUM,0.2958232562879245,30
1323,SUM,0.29391104103159393,31
1324,SUM,0.29111551340406006,32
1325,SUM,0.29008434311271447,33
1326,SUM,0.287730854651862,34
1327,SUM,0.28747498396615645,35
1328,SUM,0.2841579786074415,36
1329,SUM,0.2850843123425043,37
1330,SUM,0.2835483031419941,38
1331,SUM,0.2846186463924838,39
1332,SUM,0.2847782530045607,40
1333,SUM,0.2857549798933515,41
1334,SUM,0.2863670459385582,42
1335,SUM,0.2863955432123708,43
1336,SUM,0.2862944875225595,44
1337,SUM,0.2862900515796387,45
1338,SUM,0.28641062528367933,46
1339,SUM,0.2870112650974488,47
1340,SUM,0.2868625987265644,48
1341,SUM,0.28692681930014596,49
1342,SUM,0.28661310839716747,50
1343,SUM,0.28640510903275473,51
1344,SUM,0.28673665494874956,52
1345,SUM,0.2874577222257252,53
1346,SUM,0.2874093350878316,54
1347,SUM,0.2876182473813378,55
1348,SUM,0.28836115590740596,56
1349,SUM,0.2884358363626497,57
1350,SUM,0.28830793537530996,58
1351,SUM,0.28768152418661397,59
1352,SUM,0.2876048032559373,60
1353,SUM,0.28854317401021,61
1354,SUM,0.28907524890675285,62
1355,SUM,0.28972658583442423,63
1356,SUM,0.29014033722399246,64
1357,SUM,0.2906659655366024,65
1358,SUM,0.29055557629743867,66
1359,SUM,0.2908933519251059,67
1360,D2A,0.4623296992946686,0
1361,D2A,0.6321923556360232,1
1362,D2A,0.684085042738761,2
1363,D2A,0.6210745680421047,3
1364,D2A,0.5835036062120482,4
1365,D2A,0.548007050716025,5
1366,D2A,0.523510569358218,6
1367,D2A,0.5356484845254068,7
1368,D2A,0.5295290729866384,8
1369,D2A,0.5240202650768901,9
1370,D2A,0.5187974365398988,10
1371,D2A,0.5163411409972423,11
1372,D2A,0.5116418856885572,12
1373,D2A,0.506426910743324,13
1374,D2A,0.5063005669679299,14
1375,D2A,0.5036814824109325,15
1376,D2A,0.5049042161910176,16
1377,D2A,0.5086235635938577,17
1378,D2A,0.5106841059687778,18
1379,D2A,0.5091890979988021,19
1380,D2A,0.5081243482616986,20
1381,D2A,0.5095044511906777,21
1382,D2A,0.5101996879276366,22
1383,D2A,0.5099358854331917,23
1384,D2A,0.5113469296686743,24
1385,D2A,0.5079056667970466,25
1386,D2A,0.5030184113568306,26
1387,D2A,0.503295761648338,27
1388,D2A,0.501959832742054,28
1389,D2A,0.5066192530856983,29
1390,D2A,0.503956734941355,30
1391,D2A,0.5021875870909644,31
1392,D2A,0.5080605492959746,32
1393,D2A,0.5113360377467111,33
1394,D2A,0.5162258917352647,34
1395,D2A,0.5160858179861976,35
1396,D2A,0.5139533603303357,36
1397,D2A,0.5146480334852752,37
1398,D2A,0.5124461066212844,38
1399,D2A,0.5146861327919549,39
1400,D2A,0.514645245640392,40
1401,D2A,0.5156681785233764,41
1402,D2A,0.5160606067091627,42
1403,D2A,0.5168021449114095,43
1404,D2A,0.5172931758314476,44
1405,D2A,0.5185082672343715,45
1406,D2A,0.5187123296574456,46
1407,D2A,0.5189271001350845,47
1408,D2A,0.516855458515177,48
1409,D2A,0.518878723999138,49
1410,D2A,0.5195211353948825,50
1411,D2A,0.5195840653508433,51
1412,D2A,0.5214603536610533,52
1413,D2A,0.5218561576000582,53
1414,D2A,0.5213612664288645,54
1415,D2A,0.5220439951342518,55
1416,D2A,0.5238978041026014,56
1417,D2A,0.5254731802604934,57
1418,D2A,0.5252802143418848,58
1419,D2A,0.5242374025174221,59
1420,D2A,0.5248721035789063,60
1421,D2A,0.5241734131426008,61
1422,D2A,0.5240343818160886,62
1423,D2A,0.5229756257847195,63
1424,D2A,0.5242469453272307,64
1425,D2A,0.5230115772359829,65
1426,D2A,0.5244862357309503,66
1427,D2A,0.5251669945155915,67
1428,LID,-1.2838413676303038,0
1429,LID,-0.5488676806976605,1
1430,LID,0.10023570949605987,2
1431,LID,0.25519462942392,3
1432,LID,0.2250753469765312,4
1433,LID,0.23304863593649117,5
1434,LID,0.2459657467817874,6
1435,LID,0.24761414735821885,7
1436,LID,0.25375121122425914,8
1437,LID,0.25043732479617686,9
1438,LID,0.2178110892985008,10
1439,LID,0.24801514527814317,11
1440,LID,0.24793265883235294,12
1441,LID,0.2558457091252043,13
1442,LID,0.24310441011734663,14
1443,LID,0.23429087352283717,15
1444,LID,0.2355434150331046,16
1445,LID,0.23101820813446416,17
1446,LID,0.22790410660847482,18
1447,LID,0.2290182589549704,19
1448,LID,0.22822528829737876,20
1449,LID,0.2268450623146212,21
1450,LID,0.22634058915194,22
1451,LID,0.2277407297103189,23
1452,LID,0.22561805835178472,24
1453,LID,0.217556224832123,25
1454,LID,0.2185819992637572,26
1455,LID,0.21343984168400532,27
1456,LID,0.2134411634763671,28
1457,LID,0.21162728003537234,29
1458,LID,0.20923145394636433,30
1459,LID,0.20765391464219818,31
1460,LID,0.20666252382442696,32
1461,LID,0.20644746295940408,33
1462,LID,0.2063308044052995,34
1463,LID,0.20417281714558877,35
1464,LID,0.20682747083460273,36
1465,LID,0.2058521666069465,37
1466,LID,0.20241360139614084,38
1467,LID,0.20170246518143964,39
1468,LID,0.2004069712499461,40
1469,LID,0.1981594582883529,41
1470,LID,0.19747570510815748,42
1471,LID,0.1954985295305559,43
1472,LID,0.19563195067230132,44
1473,LID,0.1939643922101374,45
1474,LID,0.19272800223518127,46
1475,LID,0.18845361005935812,47
1476,LID,0.18626655197725506,48
1477,LID,0.1868899448875161,49
1478,LID,0.18467427034026995,50
1479,LID,0.18509753787969063,51
1480,LID,0.18078712351231185,52
1481,LID,0.1792775206941486,53
1482,LID,0.17841274739223156,54
1483,LID,0.1764271865293492,55
1484,LID,0.1732177185449677,56
1485,LID,0.1708754293645215,57
1486,LID,0.16889045825028848,58
1487,LID,0.16906549017102734,59
1488,LID,0.16723084080896378,60
1489,LID,0.1644574659163951,61
1490,LID,0.16458978281832892,62
1491,LID,0.16307802304738162,63
1492,LID,0.1623735352211526,64
1493,LID,0.16113769358267538,65
1494,LID,0.15818455779037,66
1495,LID,0.1563621602755414,67
1496,SUM,0.8194882509274465,0
1497,SUM,0.905735479950333,1
1498,SUM,0.9196178839946727,2
1499,SUM,0.9047696872758779,3
1500,SUM,0.9039447847756694,4
1501,SUM,0.8893506366007103,5
1502,SUM,0.8933541514939537,6
1503,SUM,0.8926570706166513,7
1504,SUM,0.892882480444553,8
1505,SUM,0.8942611633388076,9
1506,SUM,0.8953586321482071,10
1507,SUM,0.8949337132233752,11
1508,SUM,0.8952728821097029,12
1509,SUM,0.8950346859336966,13
1510,SUM,0.8936326929451391,14
1511,SUM,0.8946157107330979,15
1512,SUM,0.8952424038319391,16
1513,SUM,0.8945634431862944,17
1514,SUM,0.8942442194554645,18
1515,SUM,0.8945069567175685,19
1516,SUM,0.8942271535599742,20
1517,SUM,0.8941901199555741,21
1518,SUM,0.8943101230451991,22
1519,SUM,0.8941987242419043,23
1520,SUM,0.8943053578525304,24
1521,SUM,0.8944036931583657,25
1522,SUM,0.8945538318288053,26
1523,SUM,0.8943027217783861,27
1524,SUM,0.8945283822572617,28
1525,SUM,0.8944026865830683,29
1526,SUM,0.8941941699955477,30
1527,SUM,0.8938906155413274,31
1528,SUM,0.8934819289527665,32
1529,SUM,0.8933413511432235,33
1530,SUM,0.892731407289695,34
1531,SUM,0.8924194979092047,35
1532,SUM,0.8923740944658192,36
1533,SUM,0.8920308400207423,37
1534,SUM,0.8924513895669696,38
1535,SUM,0.8927742479222943,39
1536,SUM,0.8924542204741847,40
1537,SUM,0.8921712837181286,41
1538,SUM,0.8918837203862028,42
1539,SUM,0.8916316008299499,43
1540,SUM,0.8915248374181657,44
1541,SUM,0.8914621085070898,45
1542,SUM,0.8913435953628565,46
1543,SUM,0.8909896782877532,47
1544,SUM,0.8910591074995247,48
1545,SUM,0.8907421375990928,49
1546,SUM,0.8905383867231028,50
1547,SUM,0.8900382867103783,51
1548,SUM,0.8897567756251754,52
1549,SUM,0.8893848524788833,53
1550,SUM,0.8889525997457884,54
1551,SUM,0.8887896967672769,55
1552,SUM,0.8886580244133268,56
1553,SUM,0.8884516994287803,57
1554,SUM,0.8880566947376465,58
1555,SUM,0.887728508938453,59
1556,SUM,0.8876262809299135,60
1557,SUM,0.8875687807830522,61
1558,SUM,0.8874929997447651,62
1559,SUM,0.8873913082322301,63
1560,SUM,0.8874803558057484,64
1561,SUM,0.8871001723264332,65
1562,SUM,0.8866849350418432,66
1563,SUM,0.8865560122874336,67
1564,SUM,0.7330322764698254,0
1565,SUM,0.7542036567504791,1
1566,SUM,0.772847642712524,2
1567,SUM,0.7657728234623515,3
1568,SUM,0.7769698543783023,4
1569,SUM,0.7787715058308419,5
1570,SUM,0.7771604995551092,6
1571,SUM,0.7742516454228928,7
1572,SUM,0.7775874834812482,8
1573,SUM,0.7784892668865057,9
1574,SUM,0.7811398442788482,10
1575,SUM,0.7848053571368642,11
1576,SUM,0.7850809881073821,12
1577,SUM,0.7868040887505511,13
1578,SUM,0.7886363548059498,14
1579,SUM,0.7897699617573394,15
1580,SUM,0.7899790945279295,16
1581,SUM,0.788209968595724,17
1582,SUM,0.787894220118603,18
1583,SUM,0.7872427811275968,19
1584,SUM,0.7868079282976874,20
1585,SUM,0.7877600530811826,21
1586,SUM,0.7871632766377425,22
1587,SUM,0.7876589384140702,23
1588,SUM,0.7868745185926006,24
1589,SUM,0.7862040976831925,25
1590,SUM,0.7868908282448724,26
1591,SUM,0.7862209962315301,27
1592,SUM,0.7867662297710966,28
1593,SUM,0.7866261535032035,29
1594,SUM,0.7874377759742937,30
1595,SUM,0.7869174580249638,31
1596,SUM,0.788002957847804,32
1597,SUM,0.7885012071408651,33
1598,SUM,0.7894192365397711,34
1599,SUM,0.7897924926906255,35
1600,SUM,0.7893540531865663,36
1601,SUM,0.7887672569934092,37
1602,SUM,0.7891295817967866,38
1603,SUM,0.7897069767033336,39
1604,SUM,0.789885387534859,40
1605,SUM,0.7899458588372981,41
1606,SUM,0.790256213565708,42
1607,SUM,0.7904883332441153,43
1608,SUM,0.7906500501276479,44
1609,SUM,0.7909560777714474,45
1610,SUM,0.7904550820204131,46
1611,SUM,0.7902578278131647,47
1612,SUM,0.7898697261969014,48
1613,SUM,0.7894775398968009,49
1614,SUM,0.7897751198988349,50
1615,SUM,0.7891193316630868,51
1616,SUM,0.7890083274186769,52
1617,SUM,0.7893991565144742,53
1618,SUM,0.788968963404498,54
1619,SUM,0.7887179841469041,55
1620,SUM,0.7885387670031511,56
1621,SUM,0.7879829075192507,57
1622,SUM,0.788393411400454,58
1623,SUM,0.7880190947789227,59
1624,SUM,0.7876775362877451,60
1625,SUM,0.7875733376583577,61
1626,SUM,0.7877400824444225,62
1627,SUM,0.7881490235538315,63
1628,SUM,0.7877538035505923,64
1629,SUM,0.7876230226111895,65
1630,SUM,0.7875299725950311,66
1631,SUM,0.7874076126513949,67
1632,LID,-0.3387928616223359,0
1633,LID,0.36796624945144196,1
1634,LID,0.43395020509357274,2
1635,LID,0.4936172312445777,3
1636,LID,0.49163181231724606,4
1637,LID,0.4751066038975662,5
1638,LID,0.46635312153085595,6
1639,LID,0.47627856529455814,7
1640,LID,0.47649006944576044,8
1641,LID,0.4807526980815654,9
1642,LID,0.4797857660407321,10
1643,LID,0.4766006707914807,11
1644,LID,0.4757169158727683,12
1645,LID,0.478625416904809,13
1646,LID,0.4817463405480401,14
1647,LID,0.4807597454120802,15
1648,LID,0.4811984077064806,16
1649,LID,0.4853673334868296,17
1650,LID,0.48283510451359,18
1651,LID,0.48408704615352804,19
1652,LID,0.4821795272396734,20
1653,LID,0.47757697706028057,21
1654,LID,0.47721955403098126,22
1655,LID,0.4734301646978263,23
1656,LID,0.4738033737818863,24
1657,LID,0.477604152832119,25
1658,LID,0.4742272172853943,26
1659,LID,0.4728018191898401,27
1660,LID,0.4717116960774359,28
1661,LID,0.46757585865446327,29
1662,LID,0.46646938494581325,30
1663,LID,0.46005070352029076,31
1664,LID,0.45950424752331576,32
1665,LID,0.46000157978337186,33
1666,LID,0.4526650693344413,34
1667,LID,0.4489313530880943,35
1668,LID,0.44773544771169915,36
1669,LID,0.44737844595355203,37
1670,LID,0.4476112371613781,38
1671,LID,0.4431348150875275,39
1672,LID,0.44354025069463143,40
1673,LID,0.4429684697991322,41
1674,LID,0.4406066020244248,42
1675,LID,0.44046891126500276,43
1676,LID,0.4384343179560928,44
1677,LID,0.43507210864851564,45
1678,LID,0.4339200998867697,46
1679,LID,0.4330142922730733,47
1680,LID,0.4307867770175767,48
1681,LID,0.4298960729211969,49
1682,LID,0.4297599851916546,50
1683,LID,0.42888718221621813,51
1684,LID,0.42884261034688465,52
1685,LID,0.42812648173167556,53
1686,LID,0.4273004620310644,54
1687,LID,0.42565340271762186,55
1688,LID,0.4249853499849968,56
1689,LID,0.42450412178619645,57
1690,LID,0.4244619626044973,58
1691,LID,0.42372821463677945,59
1692,LID,0.4227223366024415,60
1693,LID,0.4220137318431273,61
1694,LID,0.42435124462269735,62
1695,LID,0.4233100417685054,63
1696,LID,0.4203378335216724,64
1697,LID,0.41866360378865664,65
1698,LID,0.4179046141085906,66
1699,LID,0.4170010295726355,67
1700,D2A,,0
1701,D2A,0.7202510710261127,1
1702,D2A,0.711944489888872,2
1703,D2A,0.7000099060649716,3
1704,D2A,0.7042046910994249,4
1705,D2A,0.7153050944389998,5
1706,D2A,0.7133227780605599,6
1707,D2A,0.7144875460533879,7
1708,D2A,0.7138099497410426,8
1709,D2A,0.7175204086466299,9
1710,D2A,0.720061625908411,10
1711,D2A,0.7229651399060059,11
1712,D2A,0.7234725049486768,12
1713,D2A,0.725038553517654,13
1714,D2A,0.7261035363510331,14
1715,D2A,0.7285890776796762,15
1716,D2A,0.7283883239228255,16
1717,D2A,0.7284712998744947,17
1718,D2A,0.7283837577517291,18
1719,D2A,0.7278987865737188,19
1720,D2A,0.7283929421645516,20
1721,D2A,0.7277044604366176,21
1722,D2A,0.7279320748000808,22
1723,D2A,0.7291461618260482,23
1724,D2A,0.7292383677676832,24
1725,D2A,0.7286099591274485,25
1726,D2A,0.7282340088183227,26
1727,D2A,0.7266991628820696,27
1728,D2A,0.7266913155410634,28
1729,D2A,0.7252713244106048,29
1730,D2A,0.7251646700305363,30
1731,D2A,0.7246077126071454,31
1732,D2A,0.7240083642707837,32
1733,D2A,0.7227156199862028,33
1734,D2A,0.7225468302079606,34
1735,D2A,0.7222307419872134,35
1736,D2A,0.7224152162676887,36
1737,D2A,0.722185856966773,37
1738,D2A,0.7223191179714092,38
1739,D2A,0.7218809377942395,39
1740,D2A,0.722077907216182,40
1741,D2A,0.7221202681800712,41
1742,D2A,0.7225353581776273,42
1743,D2A,0.7225147327811525,43
1744,D2A,0.7226154030804466,44
1745,D2A,0.7230655525403147,45
1746,D2A,0.7231232004784002,46
1747,D2A,0.7225120593119974,47
1748,D2A,0.7222726558726934,48
1749,D2A,0.7220779226681635,49
1750,D2A,0.7222860880289228,50
1751,D2A,0.7212685490611515,51
1752,D2A,0.7210550741334757,52
1753,D2A,0.7208556004572376,53
1754,D2A,0.7205715820953063,54
1755,D2A,0.7204370208763953,55
1756,D2A,0.7194653671858822,56
1757,D2A,0.7190771224716225,57
1758,D2A,0.7190522207644514,58
1759,D2A,0.7184255576535186,59
1760,D2A,0.7180872868152777,60
1761,D2A,0.7179104067027072,61
1762,D2A,0.7173819738636313,62
1763,D2A,0.7173178464539407,63
1764,D2A,0.7170886895032669,64
1765,D2A,0.7163826105909799,65
1766,D2A,0.7161379112511734,66
1767,D2A,0.7151364459548608,67
1768,SKF,0.6804878880974694,0
1769,SKF,0.7490725336953465,1
1770,SKF,0.7424972869632712,2
1771,SKF,0.7512357781773168,3
1772,SKF,0.749006845457098,4
1773,SKF,0.7348916948993534,5
1774,SKF,0.7208785157972151,6
1775,SKF,0.7175838290017533,7
1776,SKF,0.7159398392428908,8
1777,SKF,0.7165980771456797,9
1778,SKF,0.7201400135905485,10
1779,SKF,0.7201472460739917,11
1780,SKF,0.720092768469864,12
1781,SKF,0.7201762357432853,13
1782,SKF,0.7203735714709296,14
1783,SKF,0.7202917997862994,15
1784,SKF,0.7204259523065077,16
1785,SKF,0.7201448282099145,17
1786,SKF,0.7194462930773668,18
1787,SKF,0.7184990921840277,19
1788,SKF,0.7168968509671043,20
1789,SKF,0.7159163894019012,21
1790,SKF,0.7167758233867968,22
1791,SKF,0.7161903119594644,23
1792,SKF,0.7161967569062824,24
1793,SKF,0.7162095261634931,25
1794,SKF,0.7154575359901071,26
1795,SKF,0.7145551759488815,27
1796,SKF,0.7143675094042741,28
1797,SKF,0.714388777563911,29
1798,SKF,0.7141120928849365,30
1799,SKF,0.7133428423726279,31
1800,SKF,0.7135739214916195,32
1801,SKF,0.7125183278899152,33
1802,SKF,0.7126620181885989,34
1803,SKF,0.7108717632104278,35
1804,SKF,0.710731822288849,36
1805,SKF,0.7101089570369643,37
1806,SKF,0.7096931605416699,38
1807,SKF,0.7086146591669336,39
1808,SKF,0.7084974066443241,40
1809,SKF,0.7081147113033476,41
1810,SKF,0.7072355789470937,42
1811,SKF,0.707045076605047,43
1812,SKF,0.706546978834736,44
1813,SKF,0.7061930753598626,45
1814,SKF,0.7062933948852994,46
1815,SKF,0.704486514150618,47
1816,SKF,0.6991766985273193,48
1817,SKF,0.6965999044406364,49
1818,SKF,0.6957606729171731,50
1819,SKF,0.694583669014605,51
1820,SKF,0.6941106320591692,52
1821,SKF,0.6934605071220641,53
1822,SKF,0.692789934450813,54
1823,SKF,0.6923083176308216,55
1824,SKF,0.6918519981805584,56
1825,SKF,0.6943733771620639,57
1826,SKF,0.6935572879956347,58
1827,SKF,0.6933435978041822,59
1828,SKF,0.6928723602142579,60
1829,SKF,0.6918808703494628,61
1830,SKF,0.6913992148321079,62
1831,SKF,0.6907667902926953,63
1832,SKF,0.6898247744113506,64
1833,SKF,0.6889909090840227,65
1834,SKF,0.6898466353228014,66
1835,SKF,0.6898430025460285,67
1836,D2A,0.49747762449438837,0
1837,D2A,0.6575733009089358,1
1838,D2A,0.668643949724995,2
1839,D2A,0.6826167806154829,3
1840,D2A,0.6818422207621516,4
1841,D2A,0.6927531999982466,5
1842,D2A,0.7014413778591926,6
1843,D2A,0.7049013254225394,7
1844,D2A,0.7107934245054465,8
1845,D2A,0.7165257393565327,9
1846,D2A,0.7257537532063929,10
1847,D2A,0.7296062792465747,11
1848,D2A,0.7401103793030477,12
1849,D2A,0.7384697177856332,13
1850,D2A,0.7387570860260053,14
1851,D2A,0.7416333338925788,15
1852,D2A,0.7469141034925434,16
1853,D2A,0.750452723380955,17
1854,D2A,0.752986361497999,18
1855,D2A,0.7535758845492969,19
1856,D2A,0.7541110919703254,20
1857,D2A,0.7595303685429684,21
1858,D2A,0.7619718316632931,22
1859,D2A,0.7639190666051896,23
1860,D2A,0.7619936187640655,24
1861,D2A,0.7641308832104412,25
1862,D2A,0.7673597522695212,26
1863,D2A,0.7666183706729783,27
1864,D2A,0.7677958531854223,28
1865,D2A,0.7676792845993474,29
1866,D2A,0.7693516737399917,30
1867,D2A,0.7690193138060827,31
1868,D2A,0.7686654275774121,32
1869,D2A,0.7687544665784758,33
1870,D2A,0.7705604379695496,34
1871,D2A,0.7693981585890455,35
1872,D2A,0.7707329141653896,36
1873,D2A,0.7699188280682003,37
1874,D2A,0.770454535505033,38
1875,D2A,0.7697189023907661,39
1876,D2A,0.7703317797162866,40
1877,D2A,0.770154791400083,41
1878,D2A,0.7686489751546962,42
1879,D2A,0.7684159568297888,43
1880,D2A,0.7681709608418001,44
1881,D2A,0.7681224875765833,45
1882,D2A,0.7673780280682201,46
1883,D2A,0.7667782397323311,47
1884,D2A,0.7653415356498414,48
1885,D2A,0.7641646070991689,49
1886,D2A,0.7640018899559571,50
1887,D2A,0.7637407239742007,51
1888,D2A,0.7627972411397158,52
1889,D2A,0.7623784998422773,53
1890,D2A,0.7612694617635951,54
1891,D2A,0.7620322781266492,55
1892,D2A,0.7616537020122891,56
1893,D2A,0.7629461967051478,57
1894,D2A,0.7634864984877032,58
1895,D2A,0.762688126911744,59
1896,D2A,0.7624515241431348,60
1897,D2A,0.7617995226259939,61
1898,D2A,0.7616298976551176,62
1899,D2A,0.7600019219996004,63
1900,D2A,0.7594376429815122,64
1901,D2A,0.7583013670373113,65
1902,D2A,0.7577187446795071,66
1903,D2A,0.7571819359661554,67
1904,SUM,0.2240143768266073,0
1905,SUM,0.4318789971381941,1
1906,SUM,0.38910349067241823,2
1907,SUM,0.3256144460270566,3
1908,SUM,0.2610346667087402,4
1909,SUM,0.2268748396557726,5
1910,SUM,0.19971166675704943,6
1911,SUM,0.19484524911067813,7
1912,SUM,0.18698904959639695,8
1913,SUM,0.1831712390867628,9
1914,SUM,0.18352826777771813,10
1915,SUM,0.18325494032739587,11
1916,SUM,0.1798789657206159,12
1917,SUM,0.17747073495134402,13
1918,SUM,0.17759527256513008,14
1919,SUM,0.17548423259908552,15
1920,SUM,0.17833283021280644,16
1921,SUM,0.17913288344233513,17
1922,SUM,0.1773970105425221,18
1923,SUM,0.17585016717614876,19
1924,SUM,0.17600136217572193,20
1925,SUM,0.17605469911759475,21
1926,SUM,0.17574971369893444,22
1927,SUM,0.17654042599066888,23
1928,SUM,0.17572232976921187,24
1929,SUM,0.17601017433065058,25
1930,SUM,0.17627116872374404,26
1931,SUM,0.17572958964749397,27
1932,SUM,0.17629553086105532,28
1933,SUM,0.17546377112722833,29
1934,SUM,0.1749219159126535,30
1935,SUM,0.1749605233208138,31
1936,SUM,0.1753841739634142,32
1937,SUM,0.1751170174289468,33
1938,SUM,0.1753624147319922,34
1939,SUM,0.17508038250298008,35
1940,SUM,0.17495545839476923,36
1941,SUM,0.17520478148896712,37
1942,SUM,0.17554197314841014,38
1943,SUM,0.17575676828796072,39
1944,SUM,0.1763135737465057,40
1945,SUM,0.17644535219633106,41
1946,SUM,0.17637869288907027,42
1947,SUM,0.17575812631170895,43
1948,SUM,0.17566194669011048,44
1949,SUM,0.17570787381022224,45
1950,SUM,0.17476076857954503,46
1951,SUM,0.1737978288232377,47
1952,SUM,0.174080854234556,48
1953,SUM,0.17394297656514557,49
1954,SUM,0.1739729731132479,50
1955,SUM,0.1740258554226115,51
1956,SUM,0.1747740902625532,52
1957,SUM,0.17396430753649095,53
1958,SUM,0.17394111478738683,54
1959,SUM,0.173468880664841,55
1960,SUM,0.1730422655103676,56
1961,SUM,0.17343468766732772,57
1962,SUM,0.17403411975979222,58
1963,SUM,0.1747280561587301,59
1964,SUM,0.17526939329890767,60
1965,SUM,0.17612049428349108,61
1966,SUM,0.17654872243191633,62
1967,SUM,0.17666668733295798,63
1968,SUM,0.1770496103513619,64
1969,SUM,0.17755607278276875,65
1970,SUM,0.17752570949568436,66
1971,SUM,0.1775583959477942,67
1972,D2K,,0
1973,D2K,0.396521373033623,1
1974,D2K,0.41013743578031825,2
1975,D2K,0.4232657350006086,3
1976,D2K,0.44035922247028647,4
1977,D2K,0.3985484584250897,5
1978,D2K,0.3834934964840424,6
1979,D2K,0.39124731428924586,7
1980,D2K,0.4001543194423972,8
1981,D2K,0.3889177401202085,9
1982,D2K,0.391013282009408,10
1983,D2K,0.38953461796682265,11
1984,D2K,0.3966662923469013,12
1985,D2K,0.4015934894186527,13
1986,D2K,0.41325755400281095,14
1987,D2K,0.41845115154164836,15
1988,D2K,0.4209495571147258,16
1989,D2K,0.424350985380478,17
1990,D2K,0.421650457216583,18
1991,D2K,0.4241876402618887,19
1992,D2K,0.42208533045716135,20
1993,D2K,0.41827187466416593,21
1994,D2K,0.41680672286941123,22
1995,D2K,0.4139164533660844,23
1996,D2K,0.41308088766598106,24
1997,D2K,0.4133384021752584,25
1998,D2K,0.4113165155346794,26
1999,D2K,0.4105624731861861,27
2000,D2K,0.40684574610011337,28
2001,D2K,0.39849422685645164,29
2002,D2K,0.3976549133781023,30
2003,D2K,0.39793947414721487,31
2004,D2K,0.39545890668245165,32
2005,D2K,0.3945435319888406,33
2006,D2K,0.39468932183498473,34
2007,D2K,0.3922459733874263,35
2008,D2K,0.39221916172238147,36
2009,D2K,0.38906049418026944,37
2010,D2K,0.38694271930062407,38
2011,D2K,0.38677699344136296,39
2012,D2K,0.38758257704915344,40
2013,D2K,0.3869819059928592,41
2014,D2K,0.38629937728616504,42
2015,D2K,0.38541557577925833,43
2016,D2K,0.38540520507332443,44
2017,D2K,0.3843865434190197,45
2018,D2K,0.38558694091101087,46
2019,D2K,0.38419766520613574,47
2020,D2K,0.3820388040275706,48
2021,D2K,0.38068875532880486,49
2022,D2K,0.37963971885410297,50
2023,D2K,0.3794150930355684,51
2024,D2K,0.37741281943560323,52
2025,D2K,0.37564691656553884,53
2026,D2K,0.375213431864591,54
2027,D2K,0.37373883731485225,55
2028,D2K,0.3761094398011313,56
2029,D2K,0.37630858759536834,57
2030,D2K,0.37582659142988706,58
2031,D2K,0.3747721854850423,59
2032,D2K,0.3748040551155484,60
2033,D2K,0.374026980648127,61
2034,D2K,0.37306937679172336,62
2035,D2K,0.3722376672941279,63
2036,D2K,0.37205022458727477,64
2037,D2K,0.37151186262918756,65
2038,D2K,0.37125377430313056,66
2039,D2K,0.369996317855805,67
